-- ============================================================================
-- DRY-RUN SQL PREVIEW ONLY
-- DO NOT EXECUTE IN THIS PR
-- Generated from fixture metadata only. No database write was performed.
-- ============================================================================

-- football_teams
-- INSERT INTO football_teams (source, source_team_id, team_name, team_type, country, gender, active) VALUES ('fotmob', 'fixture-mun-01', 'Manchester United', 'club', 'England', 'men', TRUE);
-- INSERT INTO football_teams (source, source_team_id, team_name, team_type, country, gender, active) VALUES ('fotmob', 'fixture-liv-01', 'Liverpool', 'club', 'England', 'men', TRUE);
-- INSERT INTO football_teams (source, source_team_id, team_name, team_type, country, gender, active) VALUES ('fotmob', 'fixture-che-01', 'Chelsea', 'club', 'England', 'men', TRUE);
-- INSERT INTO football_teams (source, source_team_id, team_name, team_type, country, gender, active) VALUES ('fotmob', 'fixture-new-01', 'Newcastle United', 'club', 'England', 'men', TRUE);
-- INSERT INTO football_teams (source, source_team_id, team_name, team_type, country, gender, active) VALUES ('fotmob', 'fixture-rom-01', 'AS Roma', 'club', 'Italy', 'men', TRUE);
-- INSERT INTO football_teams (source, source_team_id, team_name, team_type, country, gender, active) VALUES ('fotmob', 'fixture-tot-01', 'Tottenham Hotspur', 'club', 'England', 'men', TRUE);
-- INSERT INTO football_teams (source, source_team_id, team_name, team_type, country, gender, active) VALUES ('fotmob', 'fixture-eve-01', 'Everton', 'club', 'England', 'men', TRUE);
-- INSERT INTO football_teams (source, source_team_id, team_name, team_type, country, gender, active) VALUES ('fotmob', 'fixture-eng-01', 'England', 'national', 'England', 'men', TRUE);
-- INSERT INTO football_teams (source, source_team_id, team_name, team_type, country, gender, active) VALUES ('fotmob', 'fixture-pol-01', 'Poland', 'national', 'Poland', 'men', TRUE);
-- INSERT INTO football_teams (source, source_team_id, team_name, team_type, country, gender, active) VALUES ('fotmob', 'fixture-ger-01', 'Germany', 'national', 'Germany', 'men', TRUE);
-- INSERT INTO football_teams (source, source_team_id, team_name, team_type, country, gender, active) VALUES ('fotmob', 'fixture-bra-01', 'Brazil', 'national', 'Brazil', 'men', TRUE);
-- INSERT INTO football_teams (source, source_team_id, team_name, team_type, country, gender, active) VALUES ('fotmob', 'fixture-ita-01', 'Italy', 'national', 'Italy', 'men', TRUE);
-- INSERT INTO football_teams (source, source_team_id, team_name, team_type, country, gender, active) VALUES ('fotmob', 'fixture-kas-01', 'Kashima Antlers', 'club', 'Japan', 'men', TRUE);
-- INSERT INTO football_teams (source, source_team_id, team_name, team_type, country, gender, active) VALUES ('fotmob', 'fixture-yok-01', 'Yokohama F. Marinos', 'club', 'Japan', 'men', TRUE);
-- INSERT INTO football_teams (source, source_team_id, team_name, team_type, country, gender, active) VALUES ('fotmob', 'fixture-ura-01', 'Urawa Red Diamonds', 'club', 'Japan', 'men', TRUE);
-- INSERT INTO football_teams (source, source_team_id, team_name, team_type, country, gender, active) VALUES ('fotmob', 'fixture-lee-01', 'Leeds United', 'club', 'England', 'men', TRUE);
-- INSERT INTO football_teams (source, source_team_id, team_name, team_type, country, gender, active) VALUES ('fotmob', 'fixture-sun-01', 'Sunderland', 'club', 'England', 'men', TRUE);
-- INSERT INTO football_teams (source, source_team_id, team_name, team_type, country, gender, active) VALUES ('fotmob', 'fixture-shw-01', 'Sheffield Wednesday', 'club', 'England', 'men', TRUE);

-- football_competitions
-- INSERT INTO football_competitions (source, source_competition_id, competition_name, competition_type, country, confederation, tier, active) VALUES ('fotmob', 'fixture-comp-epl', 'Premier League', 'league', 'England', 'UEFA', 0, TRUE);
-- INSERT INTO football_competitions (source, source_competition_id, competition_name, competition_type, country, confederation, tier, active) VALUES ('fotmob', 'fixture-comp-facup', 'FA Cup', 'domestic_cup', 'England', 'UEFA', 0, TRUE);
-- INSERT INTO football_competitions (source, source_competition_id, competition_name, competition_type, country, confederation, tier, active) VALUES ('fotmob', 'fixture-comp-eflcup', 'EFL Cup', 'domestic_cup', 'England', 'UEFA', 0, TRUE);
-- INSERT INTO football_competitions (source, source_competition_id, competition_name, competition_type, country, confederation, tier, active) VALUES ('fotmob', 'fixture-comp-uel', 'UEFA Europa League', 'continental_club', NULL, 'UEFA', 0, TRUE);
-- INSERT INTO football_competitions (source, source_competition_id, competition_name, competition_type, country, confederation, tier, active) VALUES ('fotmob', 'fixture-comp-wcq', 'FIFA World Cup Qualifier', 'international_qualifier', NULL, 'UEFA', 0, TRUE);
-- INSERT INTO football_competitions (source, source_competition_id, competition_name, competition_type, country, confederation, tier, active) VALUES ('fotmob', 'fixture-comp-unl', 'UEFA Nations League', 'nations_league', NULL, 'UEFA', 0, TRUE);
-- INSERT INTO football_competitions (source, source_competition_id, competition_name, competition_type, country, confederation, tier, active) VALUES ('fotmob', 'fixture-comp-friend', 'International Friendly', 'friendly', NULL, NULL, 2, TRUE);
-- INSERT INTO football_competitions (source, source_competition_id, competition_name, competition_type, country, confederation, tier, active) VALUES ('fotmob', 'fixture-comp-j1', 'J1 League', 'league', 'Japan', 'AFC', 1, TRUE);
-- INSERT INTO football_competitions (source, source_competition_id, competition_name, competition_type, country, confederation, tier, active) VALUES ('fotmob', 'fixture-comp-empcup', 'Emperor''s Cup', 'domestic_cup', 'Japan', 'AFC', 1, TRUE);
-- INSERT INTO football_competitions (source, source_competition_id, competition_name, competition_type, country, confederation, tier, active) VALUES ('fotmob', 'fixture-comp-champ', 'EFL Championship', 'league', 'England', 'UEFA', 1, TRUE);

-- football_competition_editions
-- INSERT INTO football_competition_editions (competition_id, season, edition_name, start_date, end_date, calendar_type, active) VALUES (/* competition_id from comp-epl */, '2025/2026', 'Premier League 2025/2026', '2025-08-15', '2026-05-24', 'season', TRUE);
-- INSERT INTO football_competition_editions (competition_id, season, edition_name, start_date, end_date, calendar_type, active) VALUES (/* competition_id from comp-facup */, '2025/2026', 'FA Cup 2025/2026', '2025-11-01', '2026-05-17', 'season', TRUE);
-- INSERT INTO football_competition_editions (competition_id, season, edition_name, start_date, end_date, calendar_type, active) VALUES (/* competition_id from comp-eflcup */, '2025/2026', 'EFL Cup 2025/2026', '2025-08-12', '2026-03-01', 'season', TRUE);
-- INSERT INTO football_competition_editions (competition_id, season, edition_name, start_date, end_date, calendar_type, active) VALUES (/* competition_id from comp-uel */, '2025/2026', 'UEFA Europa League 2025/2026', '2025-09-01', '2026-05-27', 'season', TRUE);
-- INSERT INTO football_competition_editions (competition_id, season, edition_name, start_date, end_date, calendar_type, active) VALUES (/* competition_id from comp-wcq */, '2026', 'FIFA World Cup Qualifier 2026', '2025-03-01', '2026-03-31', 'calendar_year', TRUE);
-- INSERT INTO football_competition_editions (competition_id, season, edition_name, start_date, end_date, calendar_type, active) VALUES (/* competition_id from comp-unl */, '2025/2026', 'UEFA Nations League 2025/2026', '2025-09-01', '2026-06-10', 'season', TRUE);
-- INSERT INTO football_competition_editions (competition_id, season, edition_name, start_date, end_date, calendar_type, active) VALUES (/* competition_id from comp-friend */, '2025/2026', 'International Friendly 2025/2026', '2025-07-01', '2026-06-30', 'season', TRUE);
-- INSERT INTO football_competition_editions (competition_id, season, edition_name, start_date, end_date, calendar_type, active) VALUES (/* competition_id from comp-j1 */, '2025', 'J1 League 2025', '2025-02-14', '2025-12-06', 'calendar_year', TRUE);
-- INSERT INTO football_competition_editions (competition_id, season, edition_name, start_date, end_date, calendar_type, active) VALUES (/* competition_id from comp-empcup */, '2025', 'Emperor''s Cup 2025', '2025-05-01', '2025-11-23', 'calendar_year', TRUE);
-- INSERT INTO football_competition_editions (competition_id, season, edition_name, start_date, end_date, calendar_type, active) VALUES (/* competition_id from comp-champ */, '2025/2026', 'EFL Championship 2025/2026', '2025-08-08', '2026-05-03', 'season', TRUE);

-- football_team_competition_participation
-- INSERT INTO football_team_competition_participation (team_id, competition_id, edition_id, participation_state, qualification_source) VALUES (/* team_id from team-mun-01 */, /* competition_id from comp-epl */, /* edition_id from ed-epl-2526 */, 'confirmed', 'league_table');
-- INSERT INTO football_team_competition_participation (team_id, competition_id, edition_id, participation_state, qualification_source) VALUES (/* team_id from team-mun-01 */, /* competition_id from comp-facup */, /* edition_id from ed-facup-2526 */, 'confirmed', 'cup_draw');
-- INSERT INTO football_team_competition_participation (team_id, competition_id, edition_id, participation_state, qualification_source) VALUES (/* team_id from team-mun-01 */, /* competition_id from comp-eflcup */, /* edition_id from ed-eflcup-2526 */, 'confirmed', 'cup_draw');
-- INSERT INTO football_team_competition_participation (team_id, competition_id, edition_id, participation_state, qualification_source) VALUES (/* team_id from team-mun-01 */, /* competition_id from comp-uel */, /* edition_id from ed-uel-2526 */, 'confirmed', 'european_qualification');
-- INSERT INTO football_team_competition_participation (team_id, competition_id, edition_id, participation_state, qualification_source) VALUES (/* team_id from team-eng-01 */, /* competition_id from comp-wcq */, /* edition_id from ed-wcq-2026 */, 'confirmed', 'draw');
-- INSERT INTO football_team_competition_participation (team_id, competition_id, edition_id, participation_state, qualification_source) VALUES (/* team_id from team-eng-01 */, /* competition_id from comp-unl */, /* edition_id from ed-unl-2526 */, 'confirmed', 'draw');
-- INSERT INTO football_team_competition_participation (team_id, competition_id, edition_id, participation_state, qualification_source) VALUES (/* team_id from team-eng-01 */, /* competition_id from comp-friend */, /* edition_id from ed-friend-2526 */, 'confirmed', 'manual');
-- INSERT INTO football_team_competition_participation (team_id, competition_id, edition_id, participation_state, qualification_source) VALUES (/* team_id from team-kas-01 */, /* competition_id from comp-j1 */, /* edition_id from ed-j1-2526 */, 'confirmed', 'league_table');
-- INSERT INTO football_team_competition_participation (team_id, competition_id, edition_id, participation_state, qualification_source) VALUES (/* team_id from team-kas-01 */, /* competition_id from comp-empcup */, /* edition_id from ed-empcup-2025 */, 'confirmed', 'cup_draw');
-- INSERT INTO football_team_competition_participation (team_id, competition_id, edition_id, participation_state, qualification_source) VALUES (/* team_id from team-lee-01 */, /* competition_id from comp-champ */, /* edition_id from ed-champ-2526 */, 'confirmed', 'league_table');
-- INSERT INTO football_team_competition_participation (team_id, competition_id, edition_id, participation_state, qualification_source) VALUES (/* team_id from team-lee-01 */, /* competition_id from comp-facup */, /* edition_id from ed-facup-2526 */, 'confirmed', 'cup_draw');

-- football_match_targets
-- INSERT INTO football_match_targets (source, source_match_id, competition_id, edition_id, match_date, home_team_id, away_team_id, match_status, target_state, priority, discovery_source, source_url, raw_json_status, attempt_count, last_error_code) VALUES ('fotmob', 'fixture-mun-epl-001', /* competition_id from comp-epl */, /* edition_id from ed-epl-2526 */, '2026-08-15T14:00:00Z', /* home_team_id from team-mun-01 */, /* away_team_id from team-liv-01 */, 'scheduled', 'pending_raw_fetch', 10, 'league_schedule', NULL, 'missing', 0, NULL);
-- INSERT INTO football_match_targets (source, source_match_id, competition_id, edition_id, match_date, home_team_id, away_team_id, match_status, target_state, priority, discovery_source, source_url, raw_json_status, attempt_count, last_error_code) VALUES ('fotmob', 'fixture-mun-facup-001', /* competition_id from comp-facup */, /* edition_id from ed-facup-2526 */, '2026-08-22T14:00:00Z', /* home_team_id from team-mun-01 */, /* away_team_id from team-che-01 */, 'scheduled', 'pending_raw_fetch', 12, 'cup_draw', NULL, 'missing', 0, NULL);
-- INSERT INTO football_match_targets (source, source_match_id, competition_id, edition_id, match_date, home_team_id, away_team_id, match_status, target_state, priority, discovery_source, source_url, raw_json_status, attempt_count, last_error_code) VALUES ('fotmob', 'fixture-mun-eflcup-001', /* competition_id from comp-eflcup */, /* edition_id from ed-eflcup-2526 */, '2026-09-12T18:45:00Z', /* home_team_id from team-new-01 */, /* away_team_id from team-mun-01 */, 'scheduled', 'pending_raw_fetch', 14, 'cup_draw', NULL, 'missing', 0, NULL);
-- INSERT INTO football_match_targets (source, source_match_id, competition_id, edition_id, match_date, home_team_id, away_team_id, match_status, target_state, priority, discovery_source, source_url, raw_json_status, attempt_count, last_error_code) VALUES ('fotmob', 'fixture-mun-uel-001', /* competition_id from comp-uel */, /* edition_id from ed-uel-2526 */, '2026-09-19T19:00:00Z', /* home_team_id from team-mun-01 */, /* away_team_id from team-rom-01 */, 'scheduled', 'pending_raw_fetch', 11, 'cup_draw', NULL, 'missing', 0, NULL);
-- INSERT INTO football_match_targets (source, source_match_id, competition_id, edition_id, match_date, home_team_id, away_team_id, match_status, target_state, priority, discovery_source, source_url, raw_json_status, attempt_count, last_error_code) VALUES ('fotmob', 'fixture-eng-wcq-001', /* competition_id from comp-wcq */, /* edition_id from ed-wcq-2026 */, '2026-09-05T18:00:00Z', /* home_team_id from team-eng-01 */, /* away_team_id from team-pol-01 */, 'scheduled', 'pending_raw_fetch', 5, 'league_schedule', NULL, 'missing', 0, NULL);
-- INSERT INTO football_match_targets (source, source_match_id, competition_id, edition_id, match_date, home_team_id, away_team_id, match_status, target_state, priority, discovery_source, source_url, raw_json_status, attempt_count, last_error_code) VALUES ('fotmob', 'fixture-eng-unl-001', /* competition_id from comp-unl */, /* edition_id from ed-unl-2526 */, '2026-09-09T18:00:00Z', /* home_team_id from team-ger-01 */, /* away_team_id from team-eng-01 */, 'scheduled', 'pending_raw_fetch', 8, 'league_schedule', NULL, 'missing', 0, NULL);
-- INSERT INTO football_match_targets (source, source_match_id, competition_id, edition_id, match_date, home_team_id, away_team_id, match_status, target_state, priority, discovery_source, source_url, raw_json_status, attempt_count, last_error_code) VALUES ('fotmob', 'fixture-eng-friend-001', /* competition_id from comp-friend */, /* edition_id from ed-friend-2526 */, '2026-10-14T19:00:00Z', /* home_team_id from team-eng-01 */, /* away_team_id from team-bra-01 */, 'scheduled', 'pending_raw_fetch', 20, 'manual', NULL, 'missing', 0, NULL);
-- INSERT INTO football_match_targets (source, source_match_id, competition_id, edition_id, match_date, home_team_id, away_team_id, match_status, target_state, priority, discovery_source, source_url, raw_json_status, attempt_count, last_error_code) VALUES ('fotmob', 'fixture-jpn-j1-001', /* competition_id from comp-j1 */, /* edition_id from ed-j1-2526 */, '2026-08-16T10:00:00Z', /* home_team_id from team-kas-01 */, /* away_team_id from team-yok-01 */, 'scheduled', 'pending_raw_fetch', 15, 'league_schedule', NULL, 'missing', 0, NULL);
-- INSERT INTO football_match_targets (source, source_match_id, competition_id, edition_id, match_date, home_team_id, away_team_id, match_status, target_state, priority, discovery_source, source_url, raw_json_status, attempt_count, last_error_code) VALUES ('fotmob', 'fixture-jpn-empcup-001', /* competition_id from comp-empcup */, /* edition_id from ed-empcup-2025 */, '2026-09-26T10:00:00Z', /* home_team_id from team-kas-01 */, /* away_team_id from team-ura-01 */, 'scheduled', 'pending_raw_fetch', 17, 'cup_draw', NULL, 'missing', 0, NULL);
-- INSERT INTO football_match_targets (source, source_match_id, competition_id, edition_id, match_date, home_team_id, away_team_id, match_status, target_state, priority, discovery_source, source_url, raw_json_status, attempt_count, last_error_code) VALUES ('fotmob', 'fixture-champ-001', /* competition_id from comp-champ */, /* edition_id from ed-champ-2526 */, '2026-08-15T14:00:00Z', /* home_team_id from team-lee-01 */, /* away_team_id from team-sun-01 */, 'scheduled', 'pending_raw_fetch', 16, 'league_schedule', NULL, 'missing', 0, NULL);
-- INSERT INTO football_match_targets (source, source_match_id, competition_id, edition_id, match_date, home_team_id, away_team_id, match_status, target_state, priority, discovery_source, source_url, raw_json_status, attempt_count, last_error_code) VALUES ('fotmob', 'fixture-champ-facup-001', /* competition_id from comp-facup */, /* edition_id from ed-facup-2526 */, '2026-08-29T14:00:00Z', /* home_team_id from team-lee-01 */, /* away_team_id from team-shw-01 */, 'scheduled', 'pending_raw_fetch', 18, 'cup_draw', NULL, 'missing', 0, NULL);
-- INSERT INTO football_match_targets (source, source_match_id, competition_id, edition_id, match_date, home_team_id, away_team_id, match_status, target_state, priority, discovery_source, source_url, raw_json_status, attempt_count, last_error_code) VALUES ('fotmob', 'fixture-mun-blocked-001', /* competition_id from comp-epl */, /* edition_id from ed-epl-2526 */, '2026-08-08T14:00:00Z', /* home_team_id from team-mun-01 */, /* away_team_id from team-tot-01 */, 'scheduled', 'blocked', 9, 'league_schedule', NULL, 'missing', 1, 'HTTP_403');
-- INSERT INTO football_match_targets (source, source_match_id, competition_id, edition_id, match_date, home_team_id, away_team_id, match_status, target_state, priority, discovery_source, source_url, raw_json_status, attempt_count, last_error_code) VALUES ('fotmob', 'fixture-mun-stored-001', /* competition_id from comp-epl */, /* edition_id from ed-epl-2526 */, '2026-08-01T14:00:00Z', /* home_team_id from team-mun-01 */, /* away_team_id from team-eve-01 */, 'finished', 'raw_json_stored', 7, 'league_schedule', NULL, 'stored', 1, NULL);
-- INSERT INTO football_match_targets (source, source_match_id, competition_id, edition_id, match_date, home_team_id, away_team_id, match_status, target_state, priority, discovery_source, source_url, raw_json_status, attempt_count, last_error_code) VALUES ('fotmob', 'fixture-eng-failed-001', /* competition_id from comp-unl */, /* edition_id from ed-unl-2526 */, '2026-09-06T18:00:00Z', /* home_team_id from team-eng-01 */, /* away_team_id from team-ita-01 */, 'finished', 'pending_raw_fetch', 13, 'league_schedule', NULL, 'failed', 1, 'JSON_PARSE_ERROR');

-- football_match_target_teams
-- INSERT INTO football_match_target_teams (match_target_id, team_id, role) VALUES (/* match_target_id from mt-mun-epl-001 */, /* team_id from team-mun-01 */, 'home');
-- INSERT INTO football_match_target_teams (match_target_id, team_id, role) VALUES (/* match_target_id from mt-mun-epl-001 */, /* team_id from team-liv-01 */, 'away');
-- INSERT INTO football_match_target_teams (match_target_id, team_id, role) VALUES (/* match_target_id from mt-mun-facup-001 */, /* team_id from team-mun-01 */, 'home');
-- INSERT INTO football_match_target_teams (match_target_id, team_id, role) VALUES (/* match_target_id from mt-mun-facup-001 */, /* team_id from team-che-01 */, 'away');
-- INSERT INTO football_match_target_teams (match_target_id, team_id, role) VALUES (/* match_target_id from mt-mun-eflcup-001 */, /* team_id from team-new-01 */, 'home');
-- INSERT INTO football_match_target_teams (match_target_id, team_id, role) VALUES (/* match_target_id from mt-mun-eflcup-001 */, /* team_id from team-mun-01 */, 'away');
-- INSERT INTO football_match_target_teams (match_target_id, team_id, role) VALUES (/* match_target_id from mt-mun-uel-001 */, /* team_id from team-mun-01 */, 'home');
-- INSERT INTO football_match_target_teams (match_target_id, team_id, role) VALUES (/* match_target_id from mt-mun-uel-001 */, /* team_id from team-rom-01 */, 'away');
-- INSERT INTO football_match_target_teams (match_target_id, team_id, role) VALUES (/* match_target_id from mt-eng-wcq-001 */, /* team_id from team-eng-01 */, 'home');
-- INSERT INTO football_match_target_teams (match_target_id, team_id, role) VALUES (/* match_target_id from mt-eng-wcq-001 */, /* team_id from team-pol-01 */, 'away');
-- INSERT INTO football_match_target_teams (match_target_id, team_id, role) VALUES (/* match_target_id from mt-eng-unl-001 */, /* team_id from team-ger-01 */, 'home');
-- INSERT INTO football_match_target_teams (match_target_id, team_id, role) VALUES (/* match_target_id from mt-eng-unl-001 */, /* team_id from team-eng-01 */, 'away');
-- INSERT INTO football_match_target_teams (match_target_id, team_id, role) VALUES (/* match_target_id from mt-eng-friend-001 */, /* team_id from team-eng-01 */, 'home');
-- INSERT INTO football_match_target_teams (match_target_id, team_id, role) VALUES (/* match_target_id from mt-eng-friend-001 */, /* team_id from team-bra-01 */, 'away');
-- INSERT INTO football_match_target_teams (match_target_id, team_id, role) VALUES (/* match_target_id from mt-jpn-j1-001 */, /* team_id from team-kas-01 */, 'home');
-- INSERT INTO football_match_target_teams (match_target_id, team_id, role) VALUES (/* match_target_id from mt-jpn-j1-001 */, /* team_id from team-yok-01 */, 'away');
-- INSERT INTO football_match_target_teams (match_target_id, team_id, role) VALUES (/* match_target_id from mt-jpn-empcup-001 */, /* team_id from team-kas-01 */, 'home');
-- INSERT INTO football_match_target_teams (match_target_id, team_id, role) VALUES (/* match_target_id from mt-jpn-empcup-001 */, /* team_id from team-ura-01 */, 'away');
-- INSERT INTO football_match_target_teams (match_target_id, team_id, role) VALUES (/* match_target_id from mt-champ-001 */, /* team_id from team-lee-01 */, 'home');
-- INSERT INTO football_match_target_teams (match_target_id, team_id, role) VALUES (/* match_target_id from mt-champ-001 */, /* team_id from team-sun-01 */, 'away');
-- INSERT INTO football_match_target_teams (match_target_id, team_id, role) VALUES (/* match_target_id from mt-champ-facup-001 */, /* team_id from team-lee-01 */, 'home');
-- INSERT INTO football_match_target_teams (match_target_id, team_id, role) VALUES (/* match_target_id from mt-champ-facup-001 */, /* team_id from team-shw-01 */, 'away');
-- INSERT INTO football_match_target_teams (match_target_id, team_id, role) VALUES (/* match_target_id from mt-mun-blocked-001 */, /* team_id from team-mun-01 */, 'home');
-- INSERT INTO football_match_target_teams (match_target_id, team_id, role) VALUES (/* match_target_id from mt-mun-blocked-001 */, /* team_id from team-tot-01 */, 'away');
-- INSERT INTO football_match_target_teams (match_target_id, team_id, role) VALUES (/* match_target_id from mt-mun-stored-001 */, /* team_id from team-mun-01 */, 'home');
-- INSERT INTO football_match_target_teams (match_target_id, team_id, role) VALUES (/* match_target_id from mt-mun-stored-001 */, /* team_id from team-eve-01 */, 'away');
-- INSERT INTO football_match_target_teams (match_target_id, team_id, role) VALUES (/* match_target_id from mt-eng-failed-001 */, /* team_id from team-eng-01 */, 'home');
-- INSERT INTO football_match_target_teams (match_target_id, team_id, role) VALUES (/* match_target_id from mt-eng-failed-001 */, /* team_id from team-ita-01 */, 'away');

-- football_source_identities
-- INSERT INTO football_source_identities (source, entity_type, entity_id, source_entity_id) VALUES ('fotmob', 'team', /* entity_id from team-mun-01 */, 'fixture-mun-01');
-- INSERT INTO football_source_identities (source, entity_type, entity_id, source_entity_id) VALUES ('fotmob', 'team', /* entity_id from team-eng-01 */, 'fixture-eng-01');
-- INSERT INTO football_source_identities (source, entity_type, entity_id, source_entity_id) VALUES ('fotmob', 'team', /* entity_id from team-kas-01 */, 'fixture-kas-01');
-- INSERT INTO football_source_identities (source, entity_type, entity_id, source_entity_id) VALUES ('fotmob', 'team', /* entity_id from team-lee-01 */, 'fixture-lee-01');
-- INSERT INTO football_source_identities (source, entity_type, entity_id, source_entity_id) VALUES ('fotmob', 'competition', /* entity_id from comp-epl */, 'fixture-comp-epl');
-- INSERT INTO football_source_identities (source, entity_type, entity_id, source_entity_id) VALUES ('fotmob', 'competition', /* entity_id from comp-facup */, 'fixture-comp-facup');
-- INSERT INTO football_source_identities (source, entity_type, entity_id, source_entity_id) VALUES ('fotmob', 'competition', /* entity_id from comp-uel */, 'fixture-comp-uel');
-- INSERT INTO football_source_identities (source, entity_type, entity_id, source_entity_id) VALUES ('fotmob', 'competition', /* entity_id from comp-wcq */, 'fixture-comp-wcq');
-- INSERT INTO football_source_identities (source, entity_type, entity_id, source_entity_id) VALUES ('fotmob', 'competition', /* entity_id from comp-j1 */, 'fixture-comp-j1');
-- INSERT INTO football_source_identities (source, entity_type, entity_id, source_entity_id) VALUES ('fotmob', 'competition', /* entity_id from comp-champ */, 'fixture-comp-champ');

-- ============================================================================
-- END OF DRY-RUN SQL PREVIEW
-- All INSERT statements above are commented out.
-- No database write was performed.
-- ============================================================================