home_team,away_team,match_time,home_avg_rating,away_avg_rating,home_big_chances_created,away_big_chances_created,home_total_shots,away_total_shots,home_possession,away_possession,home_xg,away_xg,home_red_cards,away_red_cards,home_substitutions,away_substitutions,home_early_goal,away_early_goal,home_penalties,away_penalties,home_xg_per_shot,away_xg_per_shot,rating_diff,external_id,season,league_id,is_real_data,data_source
Liverpool,AFC Bournemouth,2025-08-15 19:00:00+00:00,7.42,6.53,3,3,19,10,61.0,39.0,2.21,1.7,0,0,5,4,0,0,0,0,0.116,0.17,0.89,4813374,23/24,47,True,fotmob_api
Liverpool,AFC Bournemouth,2025-08-15 19:00:00+00:00,7.42,6.53,3,3,19,10,61.0,39.0,2.21,1.7,0,0,5,4,0,0,0,0,0.116,0.17,0.89,4813374,24/25,47,True,fotmob_api
Aston Villa,Newcastle United,2025-08-16 11:30:00+00:00,6.97,7.22,1,2,3,16,40.0,60.0,0.2,1.43,1,0,1,3,0,0,0,0,0.067,0.089,-0.25,4813375,23/24,47,True,fotmob_api
Aston Villa,Newcastle United,2025-08-16 11:30:00+00:00,6.97,7.22,1,2,3,16,40.0,60.0,0.2,1.43,1,0,1,3,0,0,0,0,0.067,0.089,-0.25,4813375,24/25,47,True,fotmob_api
Brighton & Hove Albion,Fulham,2025-08-16 14:00:00+00:00,6.95,6.72,2,1,10,7,50.0,50.0,1.48,0.76,0,0,5,5,0,0,1,0,0.148,0.109,0.23,4813376,24/25,47,True,fotmob_api
Tottenham Hotspur,Burnley,2025-08-16 14:00:00+00:00,7.84,6.16,2,0,16,14,67.0,33.0,2.32,0.94,0,0,5,5,1,0,0,0,0.145,0.067,1.68,4813379,24/25,47,True,fotmob_api
Sunderland,West Ham United,2025-08-16 14:00:00+00:00,7.37,6.4,2,0,10,12,37.0,63.0,0.75,0.56,0,0,4,3,0,0,0,0,0.075,0.047,0.97,4813378,24/25,47,True,fotmob_api
Brighton & Hove Albion,Fulham,2025-08-16 14:00:00+00:00,6.95,6.72,2,1,10,7,50.0,50.0,1.48,0.76,0,0,5,5,0,0,1,0,0.148,0.109,0.23,4813376,23/24,47,True,fotmob_api
Sunderland,West Ham United,2025-08-16 14:00:00+00:00,7.37,6.4,2,0,10,12,37.0,63.0,0.75,0.56,0,0,4,3,0,0,0,0,0.075,0.047,0.97,4813378,23/24,47,True,fotmob_api
Tottenham Hotspur,Burnley,2025-08-16 14:00:00+00:00,7.84,6.16,2,0,16,14,67.0,33.0,2.32,0.94,0,0,5,5,1,0,0,0,0.145,0.067,1.68,4813379,23/24,47,True,fotmob_api
Wolverhampton Wanderers,Manchester City,2025-08-16 16:30:00+00:00,5.83,7.86,0,3,9,15,42.0,58.0,0.56,2.47,0,0,5,5,0,0,0,0,0.062,0.165,-2.03,4813380,23/24,47,True,fotmob_api
Wolverhampton Wanderers,Manchester City,2025-08-16 16:30:00+00:00,5.83,7.86,0,3,9,15,42.0,58.0,0.56,2.47,0,0,5,5,0,0,0,0,0.062,0.165,-2.03,4813380,24/25,47,True,fotmob_api
Nottingham Forest,Brentford,2025-08-17 13:00:00+00:00,7.61,6.08,4,1,11,10,54.0,46.0,1.83,1.49,0,0,3,4,1,0,0,1,0.166,0.149,1.53,4813377,23/24,47,True,fotmob_api
Nottingham Forest,Brentford,2025-08-17 13:00:00+00:00,7.61,6.08,4,1,11,10,54.0,46.0,1.83,1.49,0,0,3,4,1,0,0,1,0.166,0.149,1.53,4813377,24/25,47,True,fotmob_api
Chelsea,Crystal Palace,2025-08-17 13:00:00+00:00,7.23,6.89,2,1,19,11,72.0,28.0,1.6,0.66,0,0,4,2,0,0,0,0,0.084,0.06,0.34,4813381,23/24,47,True,fotmob_api
Chelsea,Crystal Palace,2025-08-17 13:00:00+00:00,7.23,6.89,2,1,19,11,72.0,28.0,1.6,0.66,0,0,4,2,0,0,0,0,0.084,0.06,0.34,4813381,24/25,47,True,fotmob_api
Manchester United,Arsenal,2025-08-17 15:30:00+00:00,6.75,7.25,0,1,22,9,61.0,39.0,1.52,1.31,0,0,4,5,0,1,0,0,0.069,0.146,-0.5,4813382,24/25,47,True,fotmob_api
Manchester United,Arsenal,2025-08-17 15:30:00+00:00,6.75,7.25,0,1,22,9,61.0,39.0,1.52,1.31,0,0,4,5,0,1,0,0,0.069,0.146,-0.5,4813382,23/24,47,True,fotmob_api
Leeds United,Everton,2025-08-18 19:00:00+00:00,7.23,6.75,3,1,21,7,54.0,46.0,2.13,0.8,0,0,5,2,0,0,1,0,0.101,0.114,0.48,4813383,24/25,47,True,fotmob_api
Leeds United,Everton,2025-08-18 19:00:00+00:00,7.23,6.75,3,1,21,7,54.0,46.0,2.13,0.8,0,0,5,2,0,0,1,0,0.101,0.114,0.48,4813383,23/24,47,True,fotmob_api
West Ham United,Chelsea,2025-08-22 19:00:00+00:00,6.08,7.62,1,7,12,12,41.0,59.0,0.73,2.74,0,0,3,5,1,1,0,0,0.061,0.228,-1.54,4813394,24/25,47,True,fotmob_api
West Ham United,Chelsea,2025-08-22 19:00:00+00:00,6.08,7.62,1,7,12,12,41.0,59.0,0.73,2.74,0,0,3,5,1,1,0,0,0.061,0.228,-1.54,4813394,23/24,47,True,fotmob_api
Manchester City,Tottenham Hotspur,2025-08-23 11:30:00+00:00,6.36,7.48,2,3,10,12,61.0,39.0,1.55,1.11,0,0,5,4,0,0,0,0,0.155,0.093,-1.12,4813392,24/25,47,True,fotmob_api
Manchester City,Tottenham Hotspur,2025-08-23 11:30:00+00:00,6.36,7.48,2,3,10,12,61.0,39.0,1.55,1.11,0,0,5,4,0,0,0,0,0.155,0.093,-1.12,4813392,23/24,47,True,fotmob_api
AFC Bournemouth,Wolverhampton Wanderers,2025-08-23 14:00:00+00:00,7.43,6.37,2,0,14,6,59.0,41.0,1.29,0.46,0,1,5,5,1,0,0,0,0.092,0.077,1.06,4813385,24/25,47,True,fotmob_api
Brentford,Aston Villa,2025-08-23 14:00:00+00:00,7.45,6.69,2,1,9,17,24.0,76.0,1.21,1.19,0,0,5,5,1,0,0,0,0.134,0.07,0.76,4813387,24/25,47,True,fotmob_api
Burnley,Sunderland,2025-08-23 14:00:00+00:00,7.43,6.36,2,2,7,9,42.0,58.0,1.0,0.77,0,0,5,5,0,0,0,0,0.143,0.086,1.07,4813388,24/25,47,True,fotmob_api
AFC Bournemouth,Wolverhampton Wanderers,2025-08-23 14:00:00+00:00,7.43,6.37,2,0,14,6,59.0,41.0,1.29,0.46,0,1,5,5,1,0,0,0,0.092,0.077,1.06,4813385,23/24,47,True,fotmob_api
Brentford,Aston Villa,2025-08-23 14:00:00+00:00,7.45,6.69,2,1,9,17,24.0,76.0,1.21,1.19,0,0,5,5,1,0,0,0,0.134,0.07,0.76,4813387,23/24,47,True,fotmob_api
Burnley,Sunderland,2025-08-23 14:00:00+00:00,7.43,6.36,2,2,7,9,42.0,58.0,1.0,0.77,0,0,5,5,0,0,0,0,0.143,0.086,1.07,4813388,23/24,47,True,fotmob_api
Arsenal,Leeds United,2025-08-23 16:30:00+00:00,7.84,5.65,3,0,18,3,68.0,32.0,2.88,0.17,0,0,5,5,0,0,1,0,0.16,0.057,2.19,4813386,24/25,47,True,fotmob_api
Arsenal,Leeds United,2025-08-23 16:30:00+00:00,7.84,5.65,3,0,18,3,68.0,32.0,2.88,0.17,0,0,5,5,0,0,1,0,0.16,0.057,2.19,4813386,23/24,47,True,fotmob_api
Everton,Brighton & Hove Albion,2025-08-24 13:00:00+00:00,7.7,6.23,2,3,11,13,42.0,58.0,1.6,2.43,0,0,4,4,0,0,0,0,0.145,0.187,1.47,4813390,24/25,47,True,fotmob_api
Crystal Palace,Nottingham Forest,2025-08-24 13:00:00+00:00,6.95,6.88,2,2,8,9,42.0,58.0,1.1,0.93,0,0,3,5,0,0,0,0,0.138,0.103,0.07,4813389,24/25,47,True,fotmob_api
Crystal Palace,Nottingham Forest,2025-08-24 13:00:00+00:00,6.95,6.88,2,2,8,9,42.0,58.0,1.1,0.93,0,0,3,5,0,0,0,0,0.138,0.103,0.07,4813389,23/24,47,True,fotmob_api
Everton,Brighton & Hove Albion,2025-08-24 13:00:00+00:00,7.7,6.23,2,3,11,13,42.0,58.0,1.6,2.43,0,0,4,4,0,0,0,0,0.145,0.187,1.47,4813390,23/24,47,True,fotmob_api
Fulham,Manchester United,2025-08-24 15:30:00+00:00,6.75,6.96,3,2,13,10,52.0,48.0,1.76,1.63,0,0,4,5,0,0,0,0,0.135,0.163,-0.21,4813391,24/25,47,True,fotmob_api
Fulham,Manchester United,2025-08-24 15:30:00+00:00,6.75,6.96,3,2,13,10,52.0,48.0,1.76,1.63,0,0,4,5,0,0,0,0,0.135,0.163,-0.21,4813391,23/24,47,True,fotmob_api
Newcastle United,Liverpool,2025-08-25 19:00:00+00:00,6.31,7.1,4,2,10,5,38.0,62.0,0.98,0.69,1,0,5,5,0,0,0,0,0.098,0.138,-0.79,4813393,24/25,47,True,fotmob_api
Newcastle United,Liverpool,2025-08-25 19:00:00+00:00,6.31,7.1,4,2,10,5,38.0,62.0,0.98,0.69,1,0,5,5,0,0,0,0,0.098,0.138,-0.79,4813393,23/24,47,True,fotmob_api
Chelsea,Fulham,2025-08-30 11:30:00+00:00,7.57,6.62,3,1,13,11,54.0,46.0,2.35,1.02,0,0,4,5,0,0,1,0,0.181,0.093,0.95,4813397,23/24,47,True,fotmob_api
Chelsea,Fulham,2025-08-30 11:30:00+00:00,7.57,6.62,3,1,13,11,54.0,46.0,2.35,1.02,0,0,4,5,0,0,1,0,0.181,0.093,0.95,4813397,24/25,47,True,fotmob_api
Sunderland,Brentford,2025-08-30 14:00:00+00:00,7.35,6.41,2,2,12,7,54.0,46.0,1.54,1.2,0,0,3,3,0,0,1,0,0.128,0.171,0.94,4813402,23/24,47,True,fotmob_api
Manchester United,Burnley,2025-08-30 14:00:00+00:00,7.32,6.46,4,2,26,6,62.0,38.0,3.63,1.2,0,0,4,4,0,0,1,0,0.14,0.2,0.86,4813400,23/24,47,True,fotmob_api
Manchester United,Burnley,2025-08-30 14:00:00+00:00,7.32,6.46,4,2,26,6,62.0,38.0,3.63,1.2,0,0,4,4,0,0,1,0,0.14,0.2,0.86,4813400,24/25,47,True,fotmob_api
Sunderland,Brentford,2025-08-30 14:00:00+00:00,7.35,6.41,2,2,12,7,54.0,46.0,1.54,1.2,0,0,3,3,0,0,1,0,0.128,0.171,0.94,4813402,24/25,47,True,fotmob_api
Wolverhampton Wanderers,Everton,2025-08-30 14:00:00+00:00,6.47,7.32,2,3,12,10,58.0,42.0,1.11,1.93,0,0,5,4,0,1,0,0,0.093,0.193,-0.85,4813404,24/25,47,True,fotmob_api
Tottenham Hotspur,AFC Bournemouth,2025-08-30 14:00:00+00:00,6.56,7.42,0,3,5,20,61.0,39.0,0.19,1.59,0,0,4,5,0,1,0,0,0.038,0.08,-0.86,4813403,23/24,47,True,fotmob_api
Tottenham Hotspur,AFC Bournemouth,2025-08-30 14:00:00+00:00,6.56,7.42,0,3,5,20,61.0,39.0,0.19,1.59,0,0,4,5,0,1,0,0,0.038,0.08,-0.86,4813403,24/25,47,True,fotmob_api
Wolverhampton Wanderers,Everton,2025-08-30 14:00:00+00:00,6.47,7.32,2,3,12,10,58.0,42.0,1.11,1.93,0,0,5,4,0,1,0,0,0.093,0.193,-0.85,4813404,23/24,47,True,fotmob_api
Leeds United,Newcastle United,2025-08-30 16:30:00+00:00,7.05,6.86,1,0,10,8,43.0,57.0,0.69,0.46,0,0,4,4,0,0,0,0,0.069,0.058,0.19,4813398,23/24,47,True,fotmob_api
Leeds United,Newcastle United,2025-08-30 16:30:00+00:00,7.05,6.86,1,0,10,8,43.0,57.0,0.69,0.46,0,0,4,4,0,0,0,0,0.069,0.058,0.19,4813398,24/25,47,True,fotmob_api
Brighton & Hove Albion,Manchester City,2025-08-31 13:00:00+00:00,6.98,7.09,3,3,12,12,36.0,64.0,2.3,1.82,0,0,5,4,0,0,1,0,0.192,0.152,-0.11,4813396,23/24,47,True,fotmob_api
Brighton & Hove Albion,Manchester City,2025-08-31 13:00:00+00:00,6.98,7.09,3,3,12,12,36.0,64.0,2.3,1.82,0,0,5,4,0,0,1,0,0.192,0.152,-0.11,4813396,24/25,47,True,fotmob_api
Nottingham Forest,West Ham United,2025-08-31 13:00:00+00:00,6.55,7.5,1,4,11,12,58.0,42.0,0.73,2.42,0,0,4,3,0,0,0,1,0.066,0.202,-0.95,4813401,24/25,47,True,fotmob_api
Nottingham Forest,West Ham United,2025-08-31 13:00:00+00:00,6.55,7.5,1,4,11,12,58.0,42.0,0.73,2.42,0,0,4,3,0,0,0,1,0.066,0.202,-0.95,4813401,23/24,47,True,fotmob_api
Liverpool,Arsenal,2025-08-31 15:30:00+00:00,7.34,6.37,0,0,9,11,53.0,47.0,0.52,0.49,0,0,4,4,0,0,0,0,0.058,0.045,0.97,4813399,24/25,47,True,fotmob_api
Liverpool,Arsenal,2025-08-31 15:30:00+00:00,7.34,6.37,0,0,9,11,53.0,47.0,0.52,0.49,0,0,4,4,0,0,0,0,0.058,0.045,0.97,4813399,23/24,47,True,fotmob_api
Aston Villa,Crystal Palace,2025-08-31 18:00:00+00:00,6.26,7.75,2,4,13,6,58.0,42.0,1.14,2.65,0,0,5,4,0,0,0,1,0.088,0.442,-1.49,4813395,23/24,47,True,fotmob_api
Aston Villa,Crystal Palace,2025-08-31 18:00:00+00:00,6.26,7.75,2,4,13,6,58.0,42.0,1.14,2.65,0,0,5,4,0,0,0,1,0.088,0.442,-1.49,4813395,24/25,47,True,fotmob_api
Arsenal,Nottingham Forest,2025-09-13 11:30:00+00:00,7.75,5.98,5,0,16,5,54.0,46.0,1.84,0.2,0,0,5,5,0,0,0,0,0.115,0.04,1.77,4813406,24/25,47,True,fotmob_api
Arsenal,Nottingham Forest,2025-09-13 11:30:00+00:00,7.75,5.98,5,0,16,5,54.0,46.0,1.84,0.2,0,0,5,5,0,0,0,0,0.115,0.04,1.77,4813406,23/24,47,True,fotmob_api
AFC Bournemouth,Brighton & Hove Albion,2025-09-13 14:00:00+00:00,7.22,6.75,1,2,13,6,51.0,49.0,1.45,0.62,0,0,5,5,0,0,1,0,0.112,0.103,0.47,4813405,23/24,47,True,fotmob_api
Crystal Palace,Sunderland,2025-09-13 14:00:00+00:00,6.73,7.25,3,0,14,6,56.0,44.0,1.77,0.36,0,0,2,3,0,0,0,0,0.126,0.06,-0.52,4813409,23/24,47,True,fotmob_api
Fulham,Leeds United,2025-09-13 14:00:00+00:00,7.32,6.62,2,1,5,10,54.0,46.0,0.85,0.79,0,0,5,4,0,0,0,0,0.17,0.079,0.7,4813411,24/25,47,True,fotmob_api
Everton,Aston Villa,2025-09-13 14:00:00+00:00,7.25,6.78,3,0,20,7,48.0,52.0,2.08,0.54,0,0,2,4,0,0,0,0,0.104,0.077,0.47,4813410,24/25,47,True,fotmob_api
Crystal Palace,Sunderland,2025-09-13 14:00:00+00:00,6.73,7.25,3,0,14,6,56.0,44.0,1.77,0.36,0,0,2,3,0,0,0,0,0.126,0.06,-0.52,4813409,24/25,47,True,fotmob_api
AFC Bournemouth,Brighton & Hove Albion,2025-09-13 14:00:00+00:00,7.22,6.75,1,2,13,6,51.0,49.0,1.45,0.62,0,0,5,5,0,0,1,0,0.112,0.103,0.47,4813405,24/25,47,True,fotmob_api
Everton,Aston Villa,2025-09-13 14:00:00+00:00,7.25,6.78,3,0,20,7,48.0,52.0,2.08,0.54,0,0,2,4,0,0,0,0,0.104,0.077,0.47,4813410,23/24,47,True,fotmob_api
Fulham,Leeds United,2025-09-13 14:00:00+00:00,7.32,6.62,2,1,5,10,54.0,46.0,0.85,0.79,0,0,5,4,0,0,0,0,0.17,0.079,0.7,4813411,23/24,47,True,fotmob_api
Newcastle United,Wolverhampton Wanderers,2025-09-13 14:00:00+00:00,7.5,6.75,1,0,16,8,57.0,43.0,1.55,0.5,0,0,4,5,0,0,0,0,0.097,0.062,0.75,4813413,23/24,47,True,fotmob_api
Newcastle United,Wolverhampton Wanderers,2025-09-13 14:00:00+00:00,7.5,6.75,1,0,16,8,57.0,43.0,1.55,0.5,0,0,4,5,0,0,0,0,0.097,0.062,0.75,4813413,24/25,47,True,fotmob_api
West Ham United,Tottenham Hotspur,2025-09-13 16:30:00+00:00,6.05,7.66,1,2,7,14,36.0,64.0,0.6,1.29,1,0,4,5,0,0,0,0,0.086,0.092,-1.61,4813414,24/25,47,True,fotmob_api
West Ham United,Tottenham Hotspur,2025-09-13 16:30:00+00:00,6.05,7.66,1,2,7,14,36.0,64.0,0.6,1.29,1,0,4,5,0,0,0,0,0.086,0.092,-1.61,4813414,23/24,47,True,fotmob_api
Brentford,Chelsea,2025-09-13 19:00:00+00:00,6.89,7.01,1,2,7,16,34.0,66.0,1.43,1.25,0,0,5,5,0,0,0,0,0.204,0.078,-0.12,4813407,24/25,47,True,fotmob_api
Brentford,Chelsea,2025-09-13 19:00:00+00:00,6.89,7.01,1,2,7,16,34.0,66.0,1.43,1.25,0,0,5,5,0,0,0,0,0.204,0.078,-0.12,4813407,23/24,47,True,fotmob_api
Burnley,Liverpool,2025-09-14 13:00:00+00:00,6.55,7.43,0,3,3,27,19.0,81.0,0.13,2.65,1,0,4,5,0,0,0,1,0.043,0.098,-0.88,4813408,23/24,47,True,fotmob_api
Burnley,Liverpool,2025-09-14 13:00:00+00:00,6.55,7.43,0,3,3,27,19.0,81.0,0.13,2.65,1,0,4,5,0,0,0,1,0.043,0.098,-0.88,4813408,24/25,47,True,fotmob_api
Manchester City,Manchester United,2025-09-14 15:30:00+00:00,7.75,6.47,4,2,13,12,45.0,55.0,2.63,1.52,0,0,4,4,0,0,0,0,0.202,0.127,1.28,4813412,24/25,47,True,fotmob_api
Manchester City,Manchester United,2025-09-14 15:30:00+00:00,7.75,6.47,4,2,13,12,45.0,55.0,2.63,1.52,0,0,4,4,0,0,0,0,0.202,0.127,1.28,4813412,23/24,47,True,fotmob_api
Liverpool,Everton,2025-09-20 11:30:00+00:00,7.35,6.7,1,0,11,9,57.0,43.0,0.9,0.7,0,0,3,3,1,0,0,0,0.082,0.078,0.65,4813420,24/25,47,True,fotmob_api
Liverpool,Everton,2025-09-20 11:30:00+00:00,7.35,6.7,1,0,11,9,57.0,43.0,0.9,0.7,0,0,3,3,1,0,0,0,0.082,0.078,0.65,4813420,23/24,47,True,fotmob_api
Brighton & Hove Albion,Tottenham Hotspur,2025-09-20 14:00:00+00:00,6.85,6.9,1,1,12,11,36.0,64.0,1.32,1.22,0,0,5,4,1,0,0,0,0.11,0.111,-0.05,4813417,23/24,47,True,fotmob_api
Burnley,Nottingham Forest,2025-09-20 14:00:00+00:00,7.29,7.18,2,2,12,17,37.0,63.0,0.85,1.1,0,0,2,4,0,1,0,0,0.071,0.065,0.11,4813418,23/24,47,True,fotmob_api
West Ham United,Crystal Palace,2025-09-20 14:00:00+00:00,6.54,7.49,1,4,8,18,57.0,43.0,0.66,2.31,0,0,3,3,0,0,0,0,0.083,0.128,-0.95,4813423,23/24,47,True,fotmob_api
Wolverhampton Wanderers,Leeds United,2025-09-20 14:00:00+00:00,6.56,7.36,1,1,16,6,56.0,44.0,1.78,0.48,0,0,5,5,1,0,0,0,0.111,0.08,-0.8,4813424,24/25,47,True,fotmob_api
West Ham United,Crystal Palace,2025-09-20 14:00:00+00:00,6.54,7.49,1,4,8,18,57.0,43.0,0.66,2.31,0,0,3,3,0,0,0,0,0.083,0.128,-0.95,4813423,24/25,47,True,fotmob_api
Burnley,Nottingham Forest,2025-09-20 14:00:00+00:00,7.29,7.18,2,2,12,17,37.0,63.0,0.85,1.1,0,0,2,4,0,1,0,0,0.071,0.065,0.11,4813418,24/25,47,True,fotmob_api
Brighton & Hove Albion,Tottenham Hotspur,2025-09-20 14:00:00+00:00,6.85,6.9,1,1,12,11,36.0,64.0,1.32,1.22,0,0,5,4,1,0,0,0,0.11,0.111,-0.05,4813417,24/25,47,True,fotmob_api
Wolverhampton Wanderers,Leeds United,2025-09-20 14:00:00+00:00,6.56,7.36,1,1,16,6,56.0,44.0,1.78,0.48,0,0,5,5,1,0,0,0,0.111,0.08,-0.8,4813424,23/24,47,True,fotmob_api
Manchester United,Chelsea,2025-09-20 16:30:00+00:00,7.22,6.6,3,1,11,5,41.0,59.0,1.84,0.43,1,1,5,5,1,0,0,0,0.167,0.086,0.62,4813421,23/24,47,True,fotmob_api
Manchester United,Chelsea,2025-09-20 16:30:00+00:00,7.22,6.6,3,1,11,5,41.0,59.0,1.84,0.43,1,1,5,5,1,0,0,0,0.167,0.086,0.62,4813421,24/25,47,True,fotmob_api
Fulham,Brentford,2025-09-20 19:00:00+00:00,7.37,5.86,3,1,14,8,53.0,47.0,1.01,0.6,0,0,5,5,0,0,0,0,0.072,0.075,1.51,4813419,24/25,47,True,fotmob_api
Fulham,Brentford,2025-09-20 19:00:00+00:00,7.37,5.86,3,1,14,8,53.0,47.0,1.01,0.6,0,0,5,5,0,0,0,0,0.072,0.075,1.51,4813419,23/24,47,True,fotmob_api
Sunderland,Aston Villa,2025-09-21 13:00:00+00:00,6.77,6.82,1,2,14,12,29.0,71.0,1.04,0.78,1,0,5,5,0,0,0,0,0.074,0.065,-0.05,4813422,23/24,47,True,fotmob_api
AFC Bournemouth,Newcastle United,2025-09-21 13:00:00+00:00,7.06,7.17,0,0,11,4,56.0,44.0,0.46,0.14,0,0,4,4,0,0,0,0,0.042,0.035,-0.11,4813415,23/24,47,True,fotmob_api
AFC Bournemouth,Newcastle United,2025-09-21 13:00:00+00:00,7.06,7.17,0,0,11,4,56.0,44.0,0.46,0.14,0,0,4,4,0,0,0,0,0.042,0.035,-0.11,4813415,24/25,47,True,fotmob_api
Sunderland,Aston Villa,2025-09-21 13:00:00+00:00,6.77,6.82,1,2,14,12,29.0,71.0,1.04,0.78,1,0,5,5,0,0,0,0,0.074,0.065,-0.05,4813422,24/25,47,True,fotmob_api
Arsenal,Manchester City,2025-09-21 15:30:00+00:00,6.85,7.03,2,2,12,5,67.0,33.0,0.89,0.87,0,0,5,5,0,1,0,0,0.074,0.174,-0.18,4813416,24/25,47,True,fotmob_api
Arsenal,Manchester City,2025-09-21 15:30:00+00:00,6.85,7.03,2,2,12,5,67.0,33.0,0.89,0.87,0,0,5,5,0,1,0,0,0.074,0.174,-0.18,4813416,23/24,47,True,fotmob_api
Brentford,Manchester United,2025-09-27 11:30:00+00:00,7.41,6.63,6,4,10,14,44.0,56.0,2.02,2.08,0,0,5,4,1,0,0,0,0.202,0.149,0.78,4813426,24/25,47,True,fotmob_api
Brentford,Manchester United,2025-09-27 11:30:00+00:00,7.41,6.63,6,4,10,14,44.0,56.0,2.02,2.08,0,0,5,4,1,0,0,0,0.202,0.149,0.78,4813426,23/24,47,True,fotmob_api
Manchester City,Burnley,2025-09-27 14:00:00+00:00,7.57,5.54,5,0,21,9,68.0,32.0,2.03,0.41,0,0,4,5,1,0,0,0,0.097,0.046,2.03,4813431,24/25,47,True,fotmob_api
Leeds United,AFC Bournemouth,2025-09-27 14:00:00+00:00,6.95,6.89,3,1,19,12,41.0,59.0,1.84,0.82,0,0,3,5,0,0,0,0,0.097,0.068,0.06,4813430,24/25,47,True,fotmob_api
Manchester City,Burnley,2025-09-27 14:00:00+00:00,7.57,5.54,5,0,21,9,68.0,32.0,2.03,0.41,0,0,4,5,1,0,0,0,0.097,0.046,2.03,4813431,23/24,47,True,fotmob_api
Chelsea,Brighton & Hove Albion,2025-09-27 14:00:00+00:00,6.41,7.11,2,4,13,12,60.0,40.0,1.81,2.28,1,0,4,5,0,0,0,0,0.139,0.19,-0.7,4813427,24/25,47,True,fotmob_api
Crystal Palace,Liverpool,2025-09-27 14:00:00+00:00,7.33,6.88,7,6,16,20,28.0,72.0,2.92,2.14,0,0,4,5,1,0,0,0,0.182,0.107,0.45,4813428,23/24,47,True,fotmob_api
Chelsea,Brighton & Hove Albion,2025-09-27 14:00:00+00:00,6.41,7.11,2,4,13,12,60.0,40.0,1.81,2.28,1,0,4,5,0,0,0,0,0.139,0.19,-0.7,4813427,23/24,47,True,fotmob_api
Leeds United,AFC Bournemouth,2025-09-27 14:00:00+00:00,6.95,6.89,3,1,19,12,41.0,59.0,1.84,0.82,0,0,3,5,0,0,0,0,0.097,0.068,0.06,4813430,23/24,47,True,fotmob_api
Crystal Palace,Liverpool,2025-09-27 14:00:00+00:00,7.33,6.88,7,6,16,20,28.0,72.0,2.92,2.14,0,0,4,5,1,0,0,0,0.182,0.107,0.45,4813428,24/25,47,True,fotmob_api
Nottingham Forest,Sunderland,2025-09-27 16:30:00+00:00,6.79,7.33,1,3,22,11,65.0,35.0,1.68,1.66,0,0,5,5,0,0,0,0,0.076,0.151,-0.54,4813433,23/24,47,True,fotmob_api
Nottingham Forest,Sunderland,2025-09-27 16:30:00+00:00,6.79,7.33,1,3,22,11,65.0,35.0,1.68,1.66,0,0,5,5,0,0,0,0,0.076,0.151,-0.54,4813433,24/25,47,True,fotmob_api
Tottenham Hotspur,Wolverhampton Wanderers,2025-09-27 19:00:00+00:00,6.88,7.08,1,1,10,9,51.0,49.0,0.87,1.15,0,0,5,5,0,0,0,0,0.087,0.128,-0.2,4813434,23/24,47,True,fotmob_api
Tottenham Hotspur,Wolverhampton Wanderers,2025-09-27 19:00:00+00:00,6.88,7.08,1,1,10,9,51.0,49.0,0.87,1.15,0,0,5,5,0,0,0,0,0.087,0.128,-0.2,4813434,24/25,47,True,fotmob_api
Aston Villa,Fulham,2025-09-28 13:00:00+00:00,7.1,6.34,3,1,9,11,48.0,52.0,1.11,0.92,0,0,5,5,0,1,0,0,0.123,0.084,0.76,4813425,23/24,47,True,fotmob_api
Aston Villa,Fulham,2025-09-28 13:00:00+00:00,7.1,6.34,3,1,9,11,48.0,52.0,1.11,0.92,0,0,5,5,0,1,0,0,0.123,0.084,0.76,4813425,24/25,47,True,fotmob_api
Newcastle United,Arsenal,2025-09-28 15:30:00+00:00,6.81,7.34,1,4,8,20,37.0,63.0,0.61,2.04,0,0,5,5,0,0,0,0,0.076,0.102,-0.53,4813432,23/24,47,True,fotmob_api
Newcastle United,Arsenal,2025-09-28 15:30:00+00:00,6.81,7.34,1,4,8,20,37.0,63.0,0.61,2.04,0,0,5,5,0,0,0,0,0.076,0.102,-0.53,4813432,24/25,47,True,fotmob_api
Everton,West Ham United,2025-09-29 19:00:00+00:00,7.02,6.95,0,1,12,14,52.0,48.0,0.73,1.19,0,0,2,4,0,0,0,0,0.061,0.085,0.07,4813429,24/25,47,True,fotmob_api
Everton,West Ham United,2025-09-29 19:00:00+00:00,7.02,6.95,0,1,12,14,52.0,48.0,0.73,1.19,0,0,2,4,0,0,0,0,0.061,0.085,0.07,4813429,23/24,47,True,fotmob_api
AFC Bournemouth,Fulham,2025-10-03 19:00:00+00:00,7.44,6.52,1,1,11,12,54.0,46.0,1.12,0.88,0,0,5,5,0,0,0,0,0.102,0.073,0.92,4813435,23/24,47,True,fotmob_api
AFC Bournemouth,Fulham,2025-10-03 19:00:00+00:00,7.44,6.52,1,1,11,12,54.0,46.0,1.12,0.88,0,0,5,5,0,0,0,0,0.102,0.073,0.92,4813435,24/25,47,True,fotmob_api
Leeds United,Tottenham Hotspur,2025-10-04 11:30:00+00:00,6.52,7.23,4,1,16,9,56.0,44.0,1.68,0.53,0,0,5,4,0,0,0,0,0.105,0.059,-0.71,4813441,23/24,47,True,fotmob_api
Leeds United,Tottenham Hotspur,2025-10-04 11:30:00+00:00,6.52,7.23,4,1,16,9,56.0,44.0,1.68,0.53,0,0,5,4,0,0,0,0,0.105,0.059,-0.71,4813441,24/25,47,True,fotmob_api
Arsenal,West Ham United,2025-10-04 14:00:00+00:00,7.49,6.43,4,2,21,4,68.0,32.0,2.77,0.49,0,0,5,3,0,0,1,0,0.132,0.122,1.06,4813436,24/25,47,True,fotmob_api
Manchester United,Sunderland,2025-10-04 14:00:00+00:00,7.58,6.36,2,2,15,8,50.0,50.0,1.84,0.71,0,0,5,5,1,0,0,0,0.123,0.089,1.22,4813442,23/24,47,True,fotmob_api
Arsenal,West Ham United,2025-10-04 14:00:00+00:00,7.49,6.43,4,2,21,4,68.0,32.0,2.77,0.49,0,0,5,3,0,0,1,0,0.132,0.122,1.06,4813436,23/24,47,True,fotmob_api
Manchester United,Sunderland,2025-10-04 14:00:00+00:00,7.58,6.36,2,2,15,8,50.0,50.0,1.84,0.71,0,0,5,5,1,0,0,0,0.123,0.089,1.22,4813442,24/25,47,True,fotmob_api
Chelsea,Liverpool,2025-10-04 16:30:00+00:00,7.35,6.73,2,4,12,12,53.0,47.0,1.0,1.95,1,0,5,5,1,0,0,0,0.083,0.163,0.62,4813439,24/25,47,True,fotmob_api
Chelsea,Liverpool,2025-10-04 16:30:00+00:00,7.35,6.73,2,4,12,12,53.0,47.0,1.0,1.95,1,0,5,5,1,0,0,0,0.083,0.163,0.62,4813439,23/24,47,True,fotmob_api
Aston Villa,Burnley,2025-10-05 13:00:00+00:00,7.4,6.36,2,1,15,5,55.0,45.0,1.16,0.4,0,0,6,5,0,0,0,0,0.077,0.08,1.04,4813437,24/25,47,True,fotmob_api
Everton,Crystal Palace,2025-10-05 13:00:00+00:00,7.32,7.08,5,5,14,15,50.0,50.0,2.03,1.53,0,0,4,4,0,0,1,0,0.145,0.102,0.24,4813440,24/25,47,True,fotmob_api
Newcastle United,Nottingham Forest,2025-10-05 13:00:00+00:00,7.68,6.8,6,0,18,5,51.0,49.0,3.45,0.3,0,0,4,4,0,0,1,0,0.192,0.06,0.88,4813443,24/25,47,True,fotmob_api
Wolverhampton Wanderers,Brighton & Hove Albion,2025-10-05 13:00:00+00:00,6.99,6.9,1,2,6,17,42.0,58.0,0.56,0.92,1,0,5,4,0,0,0,0,0.093,0.054,0.09,4813444,24/25,47,True,fotmob_api
Wolverhampton Wanderers,Brighton & Hove Albion,2025-10-05 13:00:00+00:00,6.99,6.9,1,2,6,17,42.0,58.0,0.56,0.92,1,0,5,4,0,0,0,0,0.093,0.054,0.09,4813444,23/24,47,True,fotmob_api
Everton,Crystal Palace,2025-10-05 13:00:00+00:00,7.32,7.08,5,5,14,15,50.0,50.0,2.03,1.53,0,0,4,4,0,0,1,0,0.145,0.102,0.24,4813440,23/24,47,True,fotmob_api
Newcastle United,Nottingham Forest,2025-10-05 13:00:00+00:00,7.68,6.8,6,0,18,5,51.0,49.0,3.45,0.3,0,0,4,4,0,0,1,0,0.192,0.06,0.88,4813443,23/24,47,True,fotmob_api
Aston Villa,Burnley,2025-10-05 13:00:00+00:00,7.4,6.36,2,1,15,5,55.0,45.0,1.16,0.4,0,0,6,5,0,0,0,0,0.077,0.08,1.04,4813437,23/24,47,True,fotmob_api
Brentford,Manchester City,2025-10-05 15:30:00+00:00,6.33,7.64,1,2,6,10,30.0,70.0,0.7,0.85,0,0,5,3,0,1,0,0,0.117,0.085,-1.31,4813438,24/25,47,True,fotmob_api
Brentford,Manchester City,2025-10-05 15:30:00+00:00,6.33,7.64,1,2,6,10,30.0,70.0,0.7,0.85,0,0,5,3,0,1,0,0,0.117,0.085,-1.31,4813438,23/24,47,True,fotmob_api
Nottingham Forest,Chelsea,2025-10-18 11:30:00+00:00,6.11,7.53,4,4,12,17,50.0,50.0,2.35,1.67,0,1,4,5,0,0,0,0,0.196,0.098,-1.42,4813451,23/24,47,True,fotmob_api
Nottingham Forest,Chelsea,2025-10-18 11:30:00+00:00,6.11,7.53,4,4,12,17,50.0,50.0,2.35,1.67,0,1,4,5,0,0,0,0,0.196,0.098,-1.42,4813451,24/25,47,True,fotmob_api
Sunderland,Wolverhampton Wanderers,2025-10-18 14:00:00+00:00,7.38,6.62,2,0,8,16,41.0,59.0,0.65,0.83,0,0,4,4,0,0,0,0,0.081,0.052,0.76,4813452,24/25,47,True,fotmob_api
Sunderland,Wolverhampton Wanderers,2025-10-18 14:00:00+00:00,7.38,6.62,2,0,8,16,41.0,59.0,0.65,0.83,0,0,4,4,0,0,0,0,0.081,0.052,0.76,4813452,23/24,47,True,fotmob_api
Manchester City,Everton,2025-10-18 14:00:00+00:00,7.87,6.24,6,1,19,5,71.0,29.0,2.38,0.81,0,0,5,5,0,0,0,0,0.125,0.162,1.63,4813450,23/24,47,True,fotmob_api
Crystal Palace,AFC Bournemouth,2025-10-18 14:00:00+00:00,7.08,6.8,7,3,20,8,52.0,48.0,4.44,2.03,0,0,1,5,0,1,1,0,0.222,0.254,0.28,4813447,23/24,47,True,fotmob_api
Brighton & Hove Albion,Newcastle United,2025-10-18 14:00:00+00:00,7.52,6.53,1,1,13,16,46.0,54.0,0.91,1.45,0,0,5,5,0,0,0,0,0.07,0.091,0.99,4813445,23/24,47,True,fotmob_api
Burnley,Leeds United,2025-10-18 14:00:00+00:00,7.35,6.62,1,4,4,19,31.0,69.0,0.45,2.63,0,0,4,4,0,0,0,0,0.113,0.138,0.73,4813446,23/24,47,True,fotmob_api
Brighton & Hove Albion,Newcastle United,2025-10-18 14:00:00+00:00,7.52,6.53,1,1,13,16,46.0,54.0,0.91,1.45,0,0,5,5,0,0,0,0,0.07,0.091,0.99,4813445,24/25,47,True,fotmob_api
Burnley,Leeds United,2025-10-18 14:00:00+00:00,7.35,6.62,1,4,4,19,31.0,69.0,0.45,2.63,0,0,4,4,0,0,0,0,0.113,0.138,0.73,4813446,24/25,47,True,fotmob_api
Crystal Palace,AFC Bournemouth,2025-10-18 14:00:00+00:00,7.08,6.8,7,3,20,8,52.0,48.0,4.44,2.03,0,0,1,5,0,1,1,0,0.222,0.254,0.28,4813447,24/25,47,True,fotmob_api
Manchester City,Everton,2025-10-18 14:00:00+00:00,7.87,6.24,6,1,19,5,71.0,29.0,2.38,0.81,0,0,5,5,0,0,0,0,0.125,0.162,1.63,4813450,24/25,47,True,fotmob_api
Fulham,Arsenal,2025-10-18 16:30:00+00:00,6.64,7.39,0,3,9,16,37.0,63.0,0.44,1.87,0,0,5,3,0,0,0,0,0.049,0.117,-0.75,4813448,24/25,47,True,fotmob_api
Fulham,Arsenal,2025-10-18 16:30:00+00:00,6.64,7.39,0,3,9,16,37.0,63.0,0.44,1.87,0,0,5,3,0,0,0,0,0.049,0.117,-0.75,4813448,23/24,47,True,fotmob_api
Tottenham Hotspur,Aston Villa,2025-10-19 13:00:00+00:00,6.45,7.03,3,0,10,8,53.0,47.0,0.75,0.32,0,0,5,4,1,0,0,0,0.075,0.04,-0.58,4813453,24/25,47,True,fotmob_api
Tottenham Hotspur,Aston Villa,2025-10-19 13:00:00+00:00,6.45,7.03,3,0,10,8,53.0,47.0,0.75,0.32,0,0,5,4,1,0,0,0,0.075,0.04,-0.58,4813453,23/24,47,True,fotmob_api
Liverpool,Manchester United,2025-10-19 15:30:00+00:00,6.69,7.38,5,5,19,12,64.0,36.0,2.75,1.34,0,0,5,5,0,1,0,0,0.145,0.112,-0.69,4813449,23/24,47,True,fotmob_api
Liverpool,Manchester United,2025-10-19 15:30:00+00:00,6.69,7.38,5,5,19,12,64.0,36.0,2.75,1.34,0,0,5,5,0,1,0,0,0.145,0.112,-0.69,4813449,24/25,47,True,fotmob_api
West Ham United,Brentford,2025-10-20 19:00:00+00:00,6.4,7.8,0,5,7,22,44.0,56.0,0.35,2.37,0,0,5,3,0,0,0,0,0.05,0.108,-1.4,4813454,23/24,47,True,fotmob_api
West Ham United,Brentford,2025-10-20 19:00:00+00:00,6.4,7.8,0,5,7,22,44.0,56.0,0.35,2.37,0,0,5,3,0,0,0,0,0.05,0.108,-1.4,4813454,24/25,47,True,fotmob_api
Leeds United,West Ham United,2025-10-24 19:00:00+00:00,7.26,6.46,3,0,13,9,41.0,59.0,1.49,0.65,0,0,5,5,1,0,0,0,0.115,0.072,0.8,4813461,24/25,47,True,fotmob_api
Leeds United,West Ham United,2025-10-24 19:00:00+00:00,7.26,6.46,3,0,13,9,41.0,59.0,1.49,0.65,0,0,5,5,1,0,0,0,0.115,0.072,0.8,4813461,23/24,47,True,fotmob_api
Chelsea,Sunderland,2025-10-25 14:00:00+00:00,6.77,7.22,2,2,16,10,68.0,32.0,0.89,1.31,0,0,5,3,1,0,0,0,0.056,0.131,-0.45,4813459,24/25,47,True,fotmob_api
Newcastle United,Fulham,2025-10-25 14:00:00+00:00,7.34,6.27,4,2,18,12,51.0,49.0,2.14,1.53,0,0,5,5,0,0,0,0,0.119,0.128,1.07,4813463,24/25,47,True,fotmob_api
Newcastle United,Fulham,2025-10-25 14:00:00+00:00,7.34,6.27,4,2,18,12,51.0,49.0,2.14,1.53,0,0,5,5,0,0,0,0,0.119,0.128,1.07,4813463,23/24,47,True,fotmob_api
Chelsea,Sunderland,2025-10-25 14:00:00+00:00,6.77,7.22,2,2,16,10,68.0,32.0,0.89,1.31,0,0,5,3,1,0,0,0,0.056,0.131,-0.45,4813459,23/24,47,True,fotmob_api
Manchester United,Brighton & Hove Albion,2025-10-25 16:30:00+00:00,7.6,6.4,4,1,13,17,44.0,56.0,1.29,1.12,0,0,5,5,0,0,0,0,0.099,0.066,1.2,4813462,23/24,47,True,fotmob_api
Manchester United,Brighton & Hove Albion,2025-10-25 16:30:00+00:00,7.6,6.4,4,1,13,17,44.0,56.0,1.29,1.12,0,0,5,5,0,0,0,0,0.099,0.066,1.2,4813462,24/25,47,True,fotmob_api
Brentford,Liverpool,2025-10-25 19:00:00+00:00,7.34,6.93,7,3,17,18,34.0,66.0,2.75,2.3,0,0,5,5,1,0,1,0,0.162,0.128,0.41,4813458,24/25,47,True,fotmob_api
Brentford,Liverpool,2025-10-25 19:00:00+00:00,7.34,6.93,7,3,17,18,34.0,66.0,2.75,2.3,0,0,5,5,1,0,1,0,0.162,0.128,0.41,4813458,23/24,47,True,fotmob_api
AFC Bournemouth,Nottingham Forest,2025-10-26 14:00:00+00:00,7.5,6.3,0,0,13,8,52.0,48.0,0.58,0.37,0,0,5,5,0,0,0,0,0.045,0.046,1.2,4813455,23/24,47,True,fotmob_api
Aston Villa,Manchester City,2025-10-26 14:00:00+00:00,7.3,6.75,2,2,9,18,47.0,53.0,0.81,1.18,0,0,5,5,0,0,0,0,0.09,0.066,0.55,4813457,23/24,47,True,fotmob_api
Wolverhampton Wanderers,Burnley,2025-10-26 14:00:00+00:00,6.73,7.28,3,2,15,11,57.0,43.0,2.28,1.43,0,0,5,4,0,1,1,0,0.152,0.13,-0.55,4813464,23/24,47,True,fotmob_api
Arsenal,Crystal Palace,2025-10-26 14:00:00+00:00,7.31,6.63,2,0,10,7,60.0,40.0,0.92,0.45,0,0,5,5,0,0,0,0,0.092,0.064,0.68,4813456,23/24,47,True,fotmob_api
Wolverhampton Wanderers,Burnley,2025-10-26 14:00:00+00:00,6.73,7.28,3,2,15,11,57.0,43.0,2.28,1.43,0,0,5,4,0,1,1,0,0.152,0.13,-0.55,4813464,24/25,47,True,fotmob_api
Aston Villa,Manchester City,2025-10-26 14:00:00+00:00,7.3,6.75,2,2,9,18,47.0,53.0,0.81,1.18,0,0,5,5,0,0,0,0,0.09,0.066,0.55,4813457,24/25,47,True,fotmob_api
Arsenal,Crystal Palace,2025-10-26 14:00:00+00:00,7.31,6.63,2,0,10,7,60.0,40.0,0.92,0.45,0,0,5,5,0,0,0,0,0.092,0.064,0.68,4813456,24/25,47,True,fotmob_api
AFC Bournemouth,Nottingham Forest,2025-10-26 14:00:00+00:00,7.5,6.3,0,0,13,8,52.0,48.0,0.58,0.37,0,0,5,5,0,0,0,0,0.045,0.046,1.2,4813455,24/25,47,True,fotmob_api
Everton,Tottenham Hotspur,2025-10-26 16:30:00+00:00,6.34,7.51,3,4,12,7,54.0,46.0,1.74,1.72,0,0,3,4,0,0,0,0,0.145,0.246,-1.17,4813460,23/24,47,True,fotmob_api
Everton,Tottenham Hotspur,2025-10-26 16:30:00+00:00,6.34,7.51,3,4,12,7,54.0,46.0,1.74,1.72,0,0,3,4,0,0,0,0,0.145,0.246,-1.17,4813460,24/25,47,True,fotmob_api
Brighton & Hove Albion,Leeds United,2025-11-01 15:00:00+00:00,7.72,6.02,3,1,14,5,50.0,50.0,3.07,0.5,0,0,5,5,1,0,0,0,0.219,0.1,1.7,4813465,24/25,47,True,fotmob_api
Burnley,Arsenal,2025-11-01 15:00:00+00:00,6.35,7.49,1,4,3,12,46.0,54.0,0.42,2.42,0,0,5,5,0,1,0,0,0.14,0.202,-1.14,4813466,24/25,47,True,fotmob_api
Fulham,Wolverhampton Wanderers,2025-11-01 15:00:00+00:00,7.47,6.25,2,1,19,5,63.0,37.0,1.39,0.24,0,1,5,5,1,0,0,0,0.073,0.048,1.22,4813468,24/25,47,True,fotmob_api
Brighton & Hove Albion,Leeds United,2025-11-01 15:00:00+00:00,7.72,6.02,3,1,14,5,50.0,50.0,3.07,0.5,0,0,5,5,1,0,0,0,0.219,0.1,1.7,4813465,23/24,47,True,fotmob_api
Burnley,Arsenal,2025-11-01 15:00:00+00:00,6.35,7.49,1,4,3,12,46.0,54.0,0.42,2.42,0,0,5,5,0,1,0,0,0.14,0.202,-1.14,4813466,23/24,47,True,fotmob_api
Crystal Palace,Brentford,2025-11-01 15:00:00+00:00,7.38,6.29,1,1,10,6,36.0,64.0,0.7,0.54,0,0,3,5,0,0,0,0,0.07,0.09,1.09,4813467,23/24,47,True,fotmob_api
Fulham,Wolverhampton Wanderers,2025-11-01 15:00:00+00:00,7.47,6.25,2,1,19,5,63.0,37.0,1.39,0.24,0,1,5,5,1,0,0,0,0.073,0.048,1.22,4813468,23/24,47,True,fotmob_api
Nottingham Forest,Manchester United,2025-11-01 15:00:00+00:00,6.89,7.24,1,0,17,18,41.0,59.0,1.93,1.12,0,0,3,2,0,0,0,0,0.114,0.062,-0.35,4813471,23/24,47,True,fotmob_api
Nottingham Forest,Manchester United,2025-11-01 15:00:00+00:00,6.89,7.24,1,0,17,18,41.0,59.0,1.93,1.12,0,0,3,2,0,0,0,0,0.114,0.062,-0.35,4813471,24/25,47,True,fotmob_api
Crystal Palace,Brentford,2025-11-01 15:00:00+00:00,7.38,6.29,1,1,10,6,36.0,64.0,0.7,0.54,0,0,3,5,0,0,0,0,0.07,0.09,1.09,4813467,24/25,47,True,fotmob_api
Tottenham Hotspur,Chelsea,2025-11-01 17:30:00+00:00,6.68,7.68,0,6,3,15,48.0,52.0,0.1,3.68,0,0,6,4,0,0,0,0,0.033,0.245,-1.0,4813473,23/24,47,True,fotmob_api
Tottenham Hotspur,Chelsea,2025-11-01 17:30:00+00:00,6.68,7.68,0,6,3,15,48.0,52.0,0.1,3.68,0,0,6,4,0,0,0,0,0.033,0.245,-1.0,4813473,24/25,47,True,fotmob_api
Liverpool,Aston Villa,2025-11-01 20:00:00+00:00,7.6,6.08,4,0,16,10,53.0,47.0,1.19,0.41,0,0,1,5,0,0,0,0,0.074,0.041,1.52,4813469,23/24,47,True,fotmob_api
Liverpool,Aston Villa,2025-11-01 20:00:00+00:00,7.6,6.08,4,0,16,10,53.0,47.0,1.19,0.41,0,0,1,5,0,0,0,0,0.074,0.041,1.52,4813469,24/25,47,True,fotmob_api
West Ham United,Newcastle United,2025-11-02 14:00:00+00:00,7.55,6.38,2,0,15,12,37.0,63.0,1.75,0.52,0,0,3,5,0,1,0,0,0.117,0.043,1.17,4813474,24/25,47,True,fotmob_api
West Ham United,Newcastle United,2025-11-02 14:00:00+00:00,7.55,6.38,2,0,15,12,37.0,63.0,1.75,0.52,0,0,3,5,0,1,0,0,0.117,0.043,1.17,4813474,23/24,47,True,fotmob_api
Manchester City,AFC Bournemouth,2025-11-02 16:30:00+00:00,7.65,6.3,4,1,15,8,48.0,52.0,2.22,0.72,0,0,5,5,0,0,0,0,0.148,0.09,1.35,4813470,23/24,47,True,fotmob_api
Manchester City,AFC Bournemouth,2025-11-02 16:30:00+00:00,7.65,6.3,4,1,15,8,48.0,52.0,2.22,0.72,0,0,5,5,0,0,0,0,0.148,0.09,1.35,4813470,24/25,47,True,fotmob_api
Sunderland,Everton,2025-11-03 20:00:00+00:00,7.21,7.03,1,1,17,8,61.0,39.0,1.22,0.89,0,0,2,4,0,1,0,0,0.072,0.111,0.18,4813472,23/24,47,True,fotmob_api
Sunderland,Everton,2025-11-03 20:00:00+00:00,7.21,7.03,1,1,17,8,61.0,39.0,1.22,0.89,0,0,2,4,0,1,0,0,0.072,0.111,0.18,4813472,24/25,47,True,fotmob_api
Tottenham Hotspur,Manchester United,2025-11-08 12:30:00+00:00,6.82,6.92,3,2,10,5,55.0,45.0,0.92,0.63,0,0,5,5,0,0,0,0,0.092,0.126,-0.1,4813483,24/25,47,True,fotmob_api
Tottenham Hotspur,Manchester United,2025-11-08 12:30:00+00:00,6.82,6.92,3,2,10,5,55.0,45.0,0.92,0.63,0,0,5,5,0,0,0,0,0.092,0.126,-0.1,4813483,23/24,47,True,fotmob_api
Everton,Fulham,2025-11-08 15:00:00+00:00,7.67,6.45,4,0,14,8,50.0,50.0,1.44,0.4,0,0,3,5,0,0,0,0,0.103,0.05,1.22,4813479,24/25,47,True,fotmob_api
West Ham United,Burnley,2025-11-08 15:00:00+00:00,7.1,6.59,3,4,15,16,43.0,57.0,3.02,1.06,0,0,4,5,0,0,0,0,0.201,0.066,0.51,4813484,24/25,47,True,fotmob_api
Everton,Fulham,2025-11-08 15:00:00+00:00,7.67,6.45,4,0,14,8,50.0,50.0,1.44,0.4,0,0,3,5,0,0,0,0,0.103,0.05,1.22,4813479,23/24,47,True,fotmob_api
West Ham United,Burnley,2025-11-08 15:00:00+00:00,7.1,6.59,3,4,15,16,43.0,57.0,3.02,1.06,0,0,4,5,0,0,0,0,0.201,0.066,0.51,4813484,23/24,47,True,fotmob_api
Sunderland,Arsenal,2025-11-08 17:30:00+00:00,6.55,7.02,2,4,6,17,35.0,65.0,0.44,1.91,0,0,4,1,0,0,0,0,0.073,0.112,-0.47,4813482,24/25,47,True,fotmob_api
Sunderland,Arsenal,2025-11-08 17:30:00+00:00,6.55,7.02,2,4,6,17,35.0,65.0,0.44,1.91,0,0,4,1,0,0,0,0,0.073,0.112,-0.47,4813482,23/24,47,True,fotmob_api
Chelsea,Wolverhampton Wanderers,2025-11-08 20:00:00+00:00,7.74,6.07,6,0,20,3,64.0,36.0,3.31,0.17,0,0,5,2,0,0,0,0,0.166,0.057,1.67,4813477,24/25,47,True,fotmob_api
Chelsea,Wolverhampton Wanderers,2025-11-08 20:00:00+00:00,7.74,6.07,6,0,20,3,64.0,36.0,3.31,0.17,0,0,5,2,0,0,0,0,0.166,0.057,1.67,4813477,23/24,47,True,fotmob_api
Crystal Palace,Brighton & Hove Albion,2025-11-09 14:00:00+00:00,7.13,7.02,0,1,10,7,42.0,58.0,0.75,0.39,0,0,2,4,0,0,0,0,0.075,0.056,0.11,4813478,23/24,47,True,fotmob_api
Brentford,Newcastle United,2025-11-09 14:00:00+00:00,7.45,6.47,4,1,15,5,49.0,51.0,2.35,0.44,0,1,4,6,0,0,1,0,0.157,0.088,0.98,4813476,23/24,47,True,fotmob_api
Nottingham Forest,Leeds United,2025-11-09 14:00:00+00:00,7.42,6.59,3,1,14,10,46.0,54.0,2.55,0.69,0,0,4,5,1,1,1,0,0.182,0.069,0.83,4813481,24/25,47,True,fotmob_api
Crystal Palace,Brighton & Hove Albion,2025-11-09 14:00:00+00:00,7.13,7.02,0,1,10,7,42.0,58.0,0.75,0.39,0,0,2,4,0,0,0,0,0.075,0.056,0.11,4813478,24/25,47,True,fotmob_api
Brentford,Newcastle United,2025-11-09 14:00:00+00:00,7.45,6.47,4,1,15,5,49.0,51.0,2.35,0.44,0,1,4,6,0,0,1,0,0.157,0.088,0.98,4813476,24/25,47,True,fotmob_api
Aston Villa,AFC Bournemouth,2025-11-09 14:00:00+00:00,7.42,5.98,2,2,16,12,52.0,48.0,1.7,1.61,0,0,6,6,0,0,0,0,0.106,0.134,1.44,4813475,24/25,47,True,fotmob_api
Aston Villa,AFC Bournemouth,2025-11-09 14:00:00+00:00,7.42,5.98,2,2,16,12,52.0,48.0,1.7,1.61,0,0,6,6,0,0,0,0,0.106,0.134,1.44,4813475,23/24,47,True,fotmob_api
Nottingham Forest,Leeds United,2025-11-09 14:00:00+00:00,7.42,6.59,3,1,14,10,46.0,54.0,2.55,0.69,0,0,4,5,1,1,1,0,0.182,0.069,0.83,4813481,23/24,47,True,fotmob_api
Manchester City,Liverpool,2025-11-09 16:30:00+00:00,7.74,5.95,1,2,14,7,48.0,52.0,1.51,0.61,0,0,2,5,0,0,0,0,0.108,0.087,1.79,4813480,24/25,47,True,fotmob_api
Manchester City,Liverpool,2025-11-09 16:30:00+00:00,7.74,5.95,1,2,14,7,48.0,52.0,1.51,0.61,0,0,2,5,0,0,0,0,0.108,0.087,1.79,4813480,23/24,47,True,fotmob_api
Burnley,Chelsea,2025-11-22 12:30:00+00:00,6.37,7.52,1,2,8,15,44.0,56.0,0.44,1.72,0,0,5,3,0,0,0,0,0.055,0.115,-1.15,4813488,23/24,47,True,fotmob_api
Burnley,Chelsea,2025-11-22 12:30:00+00:00,6.37,7.52,1,2,8,15,44.0,56.0,0.44,1.72,0,0,5,3,0,0,0,0,0.055,0.115,-1.15,4813488,24/25,47,True,fotmob_api
Wolverhampton Wanderers,Crystal Palace,2025-11-22 15:00:00+00:00,6.29,7.54,2,2,8,10,48.0,52.0,1.79,1.27,0,0,4,5,0,0,0,0,0.224,0.127,-1.25,4813494,23/24,47,True,fotmob_api
Liverpool,Nottingham Forest,2025-11-22 15:00:00+00:00,6.55,7.67,1,2,21,15,74.0,26.0,1.93,1.58,0,0,4,3,0,0,0,0,0.092,0.105,-1.12,4813491,23/24,47,True,fotmob_api
Fulham,Sunderland,2025-11-22 15:00:00+00:00,7.32,6.67,4,0,24,4,57.0,43.0,2.16,0.17,0,0,4,4,0,0,0,0,0.09,0.043,0.65,4813489,23/24,47,True,fotmob_api
Brighton & Hove Albion,Brentford,2025-11-22 15:00:00+00:00,7.39,6.57,1,3,14,10,64.0,36.0,1.22,1.91,0,0,5,4,0,0,0,1,0.087,0.191,0.82,4813487,23/24,47,True,fotmob_api
AFC Bournemouth,West Ham United,2025-11-22 15:00:00+00:00,7.06,7.28,4,0,28,5,76.0,24.0,4.05,0.65,0,0,5,3,0,1,1,0,0.145,0.13,-0.22,4813485,23/24,47,True,fotmob_api
AFC Bournemouth,West Ham United,2025-11-22 15:00:00+00:00,7.06,7.28,4,0,28,5,76.0,24.0,4.05,0.65,0,0,5,3,0,1,1,0,0.145,0.13,-0.22,4813485,24/25,47,True,fotmob_api
Liverpool,Nottingham Forest,2025-11-22 15:00:00+00:00,6.55,7.67,1,2,21,15,74.0,26.0,1.93,1.58,0,0,4,3,0,0,0,0,0.092,0.105,-1.12,4813491,24/25,47,True,fotmob_api
Brighton & Hove Albion,Brentford,2025-11-22 15:00:00+00:00,7.39,6.57,1,3,14,10,64.0,36.0,1.22,1.91,0,0,5,4,0,0,0,1,0.087,0.191,0.82,4813487,24/25,47,True,fotmob_api
Fulham,Sunderland,2025-11-22 15:00:00+00:00,7.32,6.67,4,0,24,4,57.0,43.0,2.16,0.17,0,0,4,4,0,0,0,0,0.09,0.043,0.65,4813489,24/25,47,True,fotmob_api
Wolverhampton Wanderers,Crystal Palace,2025-11-22 15:00:00+00:00,6.29,7.54,2,2,8,10,48.0,52.0,1.79,1.27,0,0,4,5,0,0,0,0,0.224,0.127,-1.25,4813494,24/25,47,True,fotmob_api
Newcastle United,Manchester City,2025-11-22 17:30:00+00:00,7.32,6.96,5,3,9,17,33.0,67.0,2.24,2.49,0,0,3,4,0,0,0,0,0.249,0.146,0.36,4813493,23/24,47,True,fotmob_api
Newcastle United,Manchester City,2025-11-22 17:30:00+00:00,7.32,6.96,5,3,9,17,33.0,67.0,2.24,2.49,0,0,3,4,0,0,0,0,0.249,0.146,0.36,4813493,24/25,47,True,fotmob_api
Leeds United,Aston Villa,2025-11-23 14:00:00+00:00,6.59,7.34,3,1,14,14,48.0,52.0,1.79,1.58,0,0,5,5,1,0,0,0,0.128,0.113,-0.75,4813490,23/24,47,True,fotmob_api
Leeds United,Aston Villa,2025-11-23 14:00:00+00:00,6.59,7.34,3,1,14,14,48.0,52.0,1.79,1.58,0,0,5,5,1,0,0,0,0.128,0.113,-0.75,4813490,24/25,47,True,fotmob_api
Arsenal,Tottenham Hotspur,2025-11-23 16:30:00+00:00,7.58,6.21,3,0,17,3,57.0,43.0,1.93,0.07,0,0,4,5,0,0,0,0,0.114,0.023,1.37,4813486,23/24,47,True,fotmob_api
Arsenal,Tottenham Hotspur,2025-11-23 16:30:00+00:00,7.58,6.21,3,0,17,3,57.0,43.0,1.93,0.07,0,0,4,5,0,0,0,0,0.114,0.023,1.37,4813486,24/25,47,True,fotmob_api
Manchester United,Everton,2025-11-24 20:00:00+00:00,6.87,7.23,3,0,25,3,70.0,30.0,1.71,0.21,0,1,3,5,0,0,0,0,0.068,0.07,-0.36,4813492,24/25,47,True,fotmob_api
Manchester United,Everton,2025-11-24 20:00:00+00:00,6.87,7.23,3,0,25,3,70.0,30.0,1.71,0.21,0,1,3,5,0,0,0,0,0.068,0.07,-0.36,4813492,23/24,47,True,fotmob_api
Brentford,Burnley,2025-11-29 15:00:00+00:00,7.74,6.48,6,1,14,6,52.0,48.0,3.06,0.95,0,0,4,5,0,0,1,1,0.219,0.158,1.26,4813496,24/25,47,True,fotmob_api
Manchester City,Leeds United,2025-11-29 15:00:00+00:00,7.3,6.49,6,3,18,9,62.0,38.0,3.1,1.54,0,0,3,5,1,0,0,0,0.172,0.171,0.81,4813500,23/24,47,True,fotmob_api
Brentford,Burnley,2025-11-29 15:00:00+00:00,7.74,6.48,6,1,14,6,52.0,48.0,3.06,0.95,0,0,4,5,0,0,1,1,0.219,0.158,1.26,4813496,23/24,47,True,fotmob_api
Sunderland,AFC Bournemouth,2025-11-29 15:00:00+00:00,7.1,6.69,2,2,12,18,42.0,58.0,1.28,1.7,0,1,4,5,0,1,1,0,0.107,0.094,0.41,4813502,23/24,47,True,fotmob_api
Manchester City,Leeds United,2025-11-29 15:00:00+00:00,7.3,6.49,6,3,18,9,62.0,38.0,3.1,1.54,0,0,3,5,1,0,0,0,0.172,0.171,0.81,4813500,24/25,47,True,fotmob_api
Sunderland,AFC Bournemouth,2025-11-29 15:00:00+00:00,7.1,6.69,2,2,12,18,42.0,58.0,1.28,1.7,0,1,4,5,0,1,1,0,0.107,0.094,0.41,4813502,24/25,47,True,fotmob_api
Everton,Newcastle United,2025-11-29 17:30:00+00:00,5.95,7.71,1,5,10,13,49.0,51.0,0.99,1.91,0,0,4,5,0,1,0,0,0.099,0.147,-1.76,4813499,23/24,47,True,fotmob_api
Everton,Newcastle United,2025-11-29 17:30:00+00:00,5.95,7.71,1,5,10,13,49.0,51.0,0.99,1.91,0,0,4,5,0,1,0,0,0.099,0.147,-1.76,4813499,24/25,47,True,fotmob_api
Tottenham Hotspur,Fulham,2025-11-29 20:00:00+00:00,6.5,7.36,3,0,14,7,63.0,37.0,0.86,0.45,0,0,5,4,0,1,0,0,0.061,0.064,-0.86,4813503,24/25,47,True,fotmob_api
Tottenham Hotspur,Fulham,2025-11-29 20:00:00+00:00,6.5,7.36,3,0,14,7,63.0,37.0,0.86,0.45,0,0,5,4,0,1,0,0,0.061,0.064,-0.86,4813503,23/24,47,True,fotmob_api
Crystal Palace,Manchester United,2025-11-30 12:00:00+00:00,6.56,7.48,3,2,14,14,44.0,56.0,1.83,1.19,0,0,5,4,0,0,1,0,0.131,0.085,-0.92,4813498,24/25,47,True,fotmob_api
Crystal Palace,Manchester United,2025-11-30 12:00:00+00:00,6.56,7.48,3,2,14,14,44.0,56.0,1.83,1.19,0,0,5,4,0,0,1,0,0.131,0.085,-0.92,4813498,23/24,47,True,fotmob_api
Aston Villa,Wolverhampton Wanderers,2025-11-30 14:05:00+00:00,7.48,6.71,0,1,16,9,52.0,48.0,0.94,0.49,0,0,5,4,0,0,0,0,0.059,0.054,0.77,4813495,23/24,47,True,fotmob_api
Aston Villa,Wolverhampton Wanderers,2025-11-30 14:05:00+00:00,7.48,6.71,0,1,16,9,52.0,48.0,0.94,0.49,0,0,5,4,0,0,0,0,0.059,0.054,0.77,4813495,24/25,47,True,fotmob_api
Nottingham Forest,Brighton & Hove Albion,2025-11-30 14:05:00+00:00,6.63,7.51,1,4,19,17,52.0,48.0,0.89,2.0,0,0,5,5,0,0,0,0,0.047,0.118,-0.88,4813501,24/25,47,True,fotmob_api
West Ham United,Liverpool,2025-11-30 14:05:00+00:00,6.27,7.52,0,3,7,9,44.0,56.0,0.29,1.24,1,0,3,3,0,0,0,0,0.041,0.138,-1.25,4813504,24/25,47,True,fotmob_api
West Ham United,Liverpool,2025-11-30 14:05:00+00:00,6.27,7.52,0,3,7,9,44.0,56.0,0.29,1.24,1,0,3,3,0,0,0,0,0.041,0.138,-1.25,4813504,23/24,47,True,fotmob_api
Nottingham Forest,Brighton & Hove Albion,2025-11-30 14:05:00+00:00,6.63,7.51,1,4,19,17,52.0,48.0,0.89,2.0,0,0,5,5,0,0,0,0,0.047,0.118,-0.88,4813501,23/24,47,True,fotmob_api
Chelsea,Arsenal,2025-11-30 16:30:00+00:00,7.03,7.0,1,1,11,8,38.0,62.0,0.79,1.26,1,0,2,4,0,0,0,0,0.072,0.158,0.03,4813497,24/25,47,True,fotmob_api
Chelsea,Arsenal,2025-11-30 16:30:00+00:00,7.03,7.0,1,1,11,8,38.0,62.0,0.79,1.26,1,0,2,4,0,0,0,0,0.072,0.158,0.03,4813497,23/24,47,True,fotmob_api
Fulham,Manchester City,2025-12-02 19:30:00+00:00,5.71,7.08,1,3,12,11,57.0,43.0,0.91,2.17,0,0,5,4,0,0,0,0,0.076,0.197,-1.37,4813509,24/25,47,True,fotmob_api
Fulham,Manchester City,2025-12-02 19:30:00+00:00,5.71,7.08,1,3,12,11,57.0,43.0,0.91,2.17,0,0,5,4,0,0,0,0,0.076,0.197,-1.37,4813509,23/24,47,True,fotmob_api
AFC Bournemouth,Everton,2025-12-02 19:30:00+00:00,6.73,7.5,1,2,5,13,55.0,45.0,0.5,1.44,0,0,4,2,0,0,0,0,0.1,0.111,-0.77,4813505,24/25,47,True,fotmob_api
AFC Bournemouth,Everton,2025-12-02 19:30:00+00:00,6.73,7.5,1,2,5,13,55.0,45.0,0.5,1.44,0,0,4,2,0,0,0,0,0.1,0.111,-0.77,4813505,23/24,47,True,fotmob_api
Newcastle United,Tottenham Hotspur,2025-12-02 20:15:00+00:00,7.05,7.19,1,1,19,8,53.0,47.0,2.04,0.75,0,0,4,5,0,0,1,0,0.107,0.094,-0.14,4813513,24/25,47,True,fotmob_api
Newcastle United,Tottenham Hotspur,2025-12-02 20:15:00+00:00,7.05,7.19,1,1,19,8,53.0,47.0,2.04,0.75,0,0,4,5,0,0,1,0,0.107,0.094,-0.14,4813513,23/24,47,True,fotmob_api
Wolverhampton Wanderers,Nottingham Forest,2025-12-03 19:30:00+00:00,6.44,7.25,1,2,5,10,50.0,50.0,0.91,0.74,0,0,5,3,0,0,0,0,0.182,0.074,-0.81,4813514,23/24,47,True,fotmob_api
Brighton & Hove Albion,Aston Villa,2025-12-03 19:30:00+00:00,6.32,7.05,3,6,16,14,56.0,44.0,2.21,2.41,0,0,4,5,1,0,0,0,0.138,0.172,-0.73,4813507,23/24,47,True,fotmob_api
Burnley,Crystal Palace,2025-12-03 19:30:00+00:00,6.57,7.45,2,2,11,3,58.0,42.0,0.95,0.59,0,0,5,4,0,0,0,0,0.086,0.197,-0.88,4813508,23/24,47,True,fotmob_api
Wolverhampton Wanderers,Nottingham Forest,2025-12-03 19:30:00+00:00,6.44,7.25,1,2,5,10,50.0,50.0,0.91,0.74,0,0,5,3,0,0,0,0,0.182,0.074,-0.81,4813514,24/25,47,True,fotmob_api
Burnley,Crystal Palace,2025-12-03 19:30:00+00:00,6.57,7.45,2,2,11,3,58.0,42.0,0.95,0.59,0,0,5,4,0,0,0,0,0.086,0.197,-0.88,4813508,24/25,47,True,fotmob_api
Brighton & Hove Albion,Aston Villa,2025-12-03 19:30:00+00:00,6.32,7.05,3,6,16,14,56.0,44.0,2.21,2.41,0,0,4,5,1,0,0,0,0.138,0.172,-0.73,4813507,24/25,47,True,fotmob_api
Arsenal,Brentford,2025-12-03 19:30:00+00:00,7.61,6.24,4,1,15,6,62.0,38.0,1.77,0.35,0,0,4,5,1,0,0,0,0.118,0.058,1.37,4813506,24/25,47,True,fotmob_api
Arsenal,Brentford,2025-12-03 19:30:00+00:00,7.61,6.24,4,1,15,6,62.0,38.0,1.77,0.35,0,0,4,5,1,0,0,0,0.118,0.058,1.37,4813506,23/24,47,True,fotmob_api
Leeds United,Chelsea,2025-12-03 20:15:00+00:00,7.45,6.16,2,1,17,14,29.0,71.0,2.79,0.96,0,0,5,5,1,0,0,0,0.164,0.069,1.29,4813510,23/24,47,True,fotmob_api
Leeds United,Chelsea,2025-12-03 20:15:00+00:00,7.45,6.16,2,1,17,14,29.0,71.0,2.79,0.96,0,0,5,5,1,0,0,0,0.164,0.069,1.29,4813510,24/25,47,True,fotmob_api
Liverpool,Sunderland,2025-12-03 20:15:00+00:00,6.95,6.96,1,1,23,9,68.0,32.0,1.45,0.41,0,0,5,3,0,0,0,0,0.063,0.046,-0.01,4813511,24/25,47,True,fotmob_api
Liverpool,Sunderland,2025-12-03 20:15:00+00:00,6.95,6.96,1,1,23,9,68.0,32.0,1.45,0.41,0,0,5,3,0,0,0,0,0.063,0.046,-0.01,4813511,23/24,47,True,fotmob_api
Manchester United,West Ham United,2025-12-04 20:00:00+00:00,6.97,7.11,3,1,17,11,65.0,35.0,1.8,0.79,0,0,5,3,0,0,0,0,0.106,0.072,-0.14,4813512,24/25,47,True,fotmob_api
Manchester United,West Ham United,2025-12-04 20:00:00+00:00,6.97,7.11,3,1,17,11,65.0,35.0,1.8,0.79,0,0,5,3,0,0,0,0,0.106,0.072,-0.14,4813512,23/24,47,True,fotmob_api
Aston Villa,Arsenal,2025-12-06 12:30:00+00:00,7.15,6.77,5,4,15,15,47.0,53.0,2.16,1.92,0,0,5,5,0,0,0,0,0.144,0.128,0.38,4813516,23/24,47,True,fotmob_api
Aston Villa,Arsenal,2025-12-06 12:30:00+00:00,7.15,6.77,5,4,15,15,47.0,53.0,2.16,1.92,0,0,5,5,0,0,0,0,0.144,0.128,0.38,4813516,24/25,47,True,fotmob_api
Newcastle United,Burnley,2025-12-06 15:00:00+00:00,7.48,6.24,2,3,17,9,70.0,30.0,1.77,1.61,0,1,5,5,0,0,1,1,0.104,0.179,1.24,4813522,23/24,47,True,fotmob_api
Manchester City,Sunderland,2025-12-06 15:00:00+00:00,7.91,6.28,3,1,18,8,64.0,36.0,2.42,0.71,0,1,5,5,0,0,0,0,0.134,0.089,1.63,4813521,23/24,47,True,fotmob_api
Everton,Nottingham Forest,2025-12-06 15:00:00+00:00,7.57,6.06,1,1,11,7,41.0,59.0,1.12,0.53,0,0,3,4,1,0,0,0,0.102,0.076,1.51,4813518,23/24,47,True,fotmob_api
AFC Bournemouth,Chelsea,2025-12-06 15:00:00+00:00,7.11,7.34,1,0,13,11,39.0,61.0,1.42,0.92,0,0,4,3,0,0,0,0,0.109,0.084,-0.23,4813515,23/24,47,True,fotmob_api
AFC Bournemouth,Chelsea,2025-12-06 15:00:00+00:00,7.11,7.34,1,0,13,11,39.0,61.0,1.42,0.92,0,0,4,3,0,0,0,0,0.109,0.084,-0.23,4813515,24/25,47,True,fotmob_api
Tottenham Hotspur,Brentford,2025-12-06 15:00:00+00:00,7.55,6.45,4,1,15,4,53.0,47.0,2.18,0.29,0,0,4,5,0,0,0,0,0.145,0.072,1.1,4813523,24/25,47,True,fotmob_api
Newcastle United,Burnley,2025-12-06 15:00:00+00:00,7.48,6.24,2,3,17,9,70.0,30.0,1.77,1.61,0,1,5,5,0,0,1,1,0.104,0.179,1.24,4813522,24/25,47,True,fotmob_api
Manchester City,Sunderland,2025-12-06 15:00:00+00:00,7.91,6.28,3,1,18,8,64.0,36.0,2.42,0.71,0,1,5,5,0,0,0,0,0.134,0.089,1.63,4813521,24/25,47,True,fotmob_api
Everton,Nottingham Forest,2025-12-06 15:00:00+00:00,7.57,6.06,1,1,11,7,41.0,59.0,1.12,0.53,0,0,3,4,1,0,0,0,0.102,0.076,1.51,4813518,24/25,47,True,fotmob_api
Tottenham Hotspur,Brentford,2025-12-06 15:00:00+00:00,7.55,6.45,4,1,15,4,53.0,47.0,2.18,0.29,0,0,4,5,0,0,0,0,0.145,0.072,1.1,4813523,23/24,47,True,fotmob_api
Leeds United,Liverpool,2025-12-06 17:30:00+00:00,6.74,7.23,2,4,12,16,45.0,55.0,1.51,1.91,0,0,5,4,0,0,1,0,0.126,0.119,-0.49,4813520,23/24,47,True,fotmob_api
Leeds United,Liverpool,2025-12-06 17:30:00+00:00,6.74,7.23,2,4,12,16,45.0,55.0,1.51,1.91,0,0,5,4,0,0,1,0,0.126,0.119,-0.49,4813520,24/25,47,True,fotmob_api
Brighton & Hove Albion,West Ham United,2025-12-07 14:00:00+00:00,7.01,7.17,3,3,22,14,68.0,32.0,1.87,1.14,0,0,4,5,0,0,0,0,0.085,0.081,-0.16,4813517,23/24,47,True,fotmob_api
Brighton & Hove Albion,West Ham United,2025-12-07 14:00:00+00:00,7.01,7.17,3,3,22,14,68.0,32.0,1.87,1.14,0,0,4,5,0,0,0,0,0.085,0.081,-0.16,4813517,24/25,47,True,fotmob_api
Fulham,Crystal Palace,2025-12-07 16:30:00+00:00,6.78,7.47,2,4,12,11,63.0,37.0,0.76,1.65,0,0,5,4,0,0,0,0,0.063,0.15,-0.69,4813519,24/25,47,True,fotmob_api
Fulham,Crystal Palace,2025-12-07 16:30:00+00:00,6.78,7.47,2,4,12,11,63.0,37.0,0.76,1.65,0,0,5,4,0,0,0,0,0.063,0.15,-0.69,4813519,23/24,47,True,fotmob_api
Wolverhampton Wanderers,Manchester United,2025-12-08 20:00:00+00:00,6.7,7.66,1,8,8,27,37.0,63.0,0.41,4.24,0,0,5,5,0,0,0,1,0.051,0.157,-0.96,4813524,24/25,47,True,fotmob_api
Wolverhampton Wanderers,Manchester United,2025-12-08 20:00:00+00:00,6.7,7.66,1,8,8,27,37.0,63.0,0.41,4.24,0,0,5,5,0,0,0,1,0.051,0.157,-0.96,4813524,23/24,47,True,fotmob_api
Liverpool,Brighton & Hove Albion,2025-12-13 15:00:00+00:00,7.83,6.13,3,3,18,14,49.0,51.0,1.89,1.9,0,0,4,5,1,0,0,0,0.105,0.136,1.7,4813530,23/24,47,True,fotmob_api
Liverpool,Brighton & Hove Albion,2025-12-13 15:00:00+00:00,7.83,6.13,3,3,18,14,49.0,51.0,1.89,1.9,0,0,4,5,1,0,0,0,0.105,0.136,1.7,4813530,24/25,47,True,fotmob_api
Chelsea,Everton,2025-12-13 15:00:00+00:00,7.6,6.31,5,3,17,11,58.0,42.0,2.2,1.03,0,0,3,4,0,0,0,0,0.129,0.094,1.29,4813528,24/25,47,True,fotmob_api
Chelsea,Everton,2025-12-13 15:00:00+00:00,7.6,6.31,5,3,17,11,58.0,42.0,2.2,1.03,0,0,3,4,0,0,0,0,0.129,0.094,1.29,4813528,23/24,47,True,fotmob_api
Burnley,Fulham,2025-12-13 17:30:00+00:00,6.55,7.44,5,2,16,6,53.0,47.0,2.46,2.23,0,0,5,4,0,1,0,0,0.154,0.372,-0.89,4813527,23/24,47,True,fotmob_api
Burnley,Fulham,2025-12-13 17:30:00+00:00,6.55,7.44,5,2,16,6,53.0,47.0,2.46,2.23,0,0,5,4,0,1,0,0,0.154,0.372,-0.89,4813527,24/25,47,True,fotmob_api
Arsenal,Wolverhampton Wanderers,2025-12-13 20:00:00+00:00,7.16,6.33,3,1,16,3,69.0,31.0,1.13,0.38,0,0,5,5,0,0,0,0,0.071,0.127,0.83,4813525,24/25,47,True,fotmob_api
Arsenal,Wolverhampton Wanderers,2025-12-13 20:00:00+00:00,7.16,6.33,3,1,16,3,69.0,31.0,1.13,0.38,0,0,5,5,0,0,0,0,0.071,0.127,0.83,4813525,23/24,47,True,fotmob_api
Crystal Palace,Manchester City,2025-12-14 14:00:00+00:00,6.4,7.79,1,2,16,7,39.0,61.0,1.88,1.19,0,0,3,4,0,0,0,1,0.117,0.17,-1.39,4813529,24/25,47,True,fotmob_api
Sunderland,Newcastle United,2025-12-14 14:00:00+00:00,7.23,6.55,1,0,5,6,47.0,53.0,0.3,0.24,0,0,3,5,0,0,0,0,0.06,0.04,0.68,4813533,24/25,47,True,fotmob_api
West Ham United,Aston Villa,2025-12-14 14:00:00+00:00,6.34,7.01,2,1,10,7,41.0,59.0,1.03,0.67,0,0,4,3,1,1,0,0,0.103,0.096,-0.67,4813534,24/25,47,True,fotmob_api
West Ham United,Aston Villa,2025-12-14 14:00:00+00:00,6.34,7.01,2,1,10,7,41.0,59.0,1.03,0.67,0,0,4,3,1,1,0,0,0.103,0.096,-0.67,4813534,23/24,47,True,fotmob_api
Sunderland,Newcastle United,2025-12-14 14:00:00+00:00,7.23,6.55,1,0,5,6,47.0,53.0,0.3,0.24,0,0,3,5,0,0,0,0,0.06,0.04,0.68,4813533,23/24,47,True,fotmob_api
Nottingham Forest,Tottenham Hotspur,2025-12-14 14:00:00+00:00,7.57,6.19,4,0,15,6,48.0,52.0,2.32,0.33,0,0,2,5,0,0,0,0,0.155,0.055,1.38,4813532,23/24,47,True,fotmob_api
Crystal Palace,Manchester City,2025-12-14 14:00:00+00:00,6.4,7.79,1,2,16,7,39.0,61.0,1.88,1.19,0,0,3,4,0,0,0,1,0.117,0.17,-1.39,4813529,23/24,47,True,fotmob_api
Nottingham Forest,Tottenham Hotspur,2025-12-14 14:00:00+00:00,7.57,6.19,4,0,15,6,48.0,52.0,2.32,0.33,0,0,2,5,0,0,0,0,0.155,0.055,1.38,4813532,24/25,47,True,fotmob_api
Brentford,Leeds United,2025-12-14 16:30:00+00:00,6.99,7.1,1,2,7,18,57.0,43.0,0.72,1.52,0,0,4,4,0,0,0,0,0.103,0.084,-0.11,4813526,24/25,47,True,fotmob_api
Brentford,Leeds United,2025-12-14 16:30:00+00:00,6.99,7.1,1,2,7,18,57.0,43.0,0.72,1.52,0,0,4,4,0,0,0,0,0.103,0.084,-0.11,4813526,23/24,47,True,fotmob_api
Manchester United,AFC Bournemouth,2025-12-15 20:00:00+00:00,7.08,6.51,2,6,25,14,57.0,43.0,3.4,1.94,0,0,5,4,1,0,0,0,0.136,0.139,0.57,4813531,24/25,47,True,fotmob_api
Manchester United,AFC Bournemouth,2025-12-15 20:00:00+00:00,7.08,6.51,2,6,25,14,57.0,43.0,3.4,1.94,0,0,5,4,1,0,0,0,0.136,0.139,0.57,4813531,23/24,47,True,fotmob_api
Newcastle United,Chelsea,2025-12-20 12:30:00+00:00,7.02,7.17,7,1,11,13,47.0,53.0,2.31,1.22,0,0,4,2,1,0,0,0,0.21,0.094,-0.15,4813542,24/25,47,True,fotmob_api
Newcastle United,Chelsea,2025-12-20 12:30:00+00:00,7.02,7.17,7,1,11,13,47.0,53.0,2.31,1.22,0,0,4,2,1,0,0,0,0.21,0.094,-0.15,4813542,23/24,47,True,fotmob_api
AFC Bournemouth,Burnley,2025-12-20 15:00:00+00:00,7.26,6.56,3,1,16,4,66.0,34.0,1.41,0.38,0,0,5,5,0,0,0,0,0.088,0.095,0.7,4813535,24/25,47,True,fotmob_api
Manchester City,West Ham United,2025-12-20 15:00:00+00:00,7.65,6.27,8,2,17,7,66.0,34.0,2.1,0.98,0,0,4,5,1,0,0,0,0.124,0.14,1.38,4813541,24/25,47,True,fotmob_api
Brighton & Hove Albion,Sunderland,2025-12-20 15:00:00+00:00,7.05,7.1,0,2,16,14,57.0,43.0,1.13,1.38,0,0,5,3,0,0,0,0,0.071,0.099,-0.05,4813537,24/25,47,True,fotmob_api
Wolverhampton Wanderers,Brentford,2025-12-20 15:00:00+00:00,6.45,7.62,2,4,9,7,43.0,57.0,1.27,1.28,0,0,4,1,0,0,0,0,0.141,0.183,-1.17,4813544,23/24,47,True,fotmob_api
Manchester City,West Ham United,2025-12-20 15:00:00+00:00,7.65,6.27,8,2,17,7,66.0,34.0,2.1,0.98,0,0,4,5,1,0,0,0,0.124,0.14,1.38,4813541,23/24,47,True,fotmob_api
Brighton & Hove Albion,Sunderland,2025-12-20 15:00:00+00:00,7.05,7.1,0,2,16,14,57.0,43.0,1.13,1.38,0,0,5,3,0,0,0,0,0.071,0.099,-0.05,4813537,23/24,47,True,fotmob_api
AFC Bournemouth,Burnley,2025-12-20 15:00:00+00:00,7.26,6.56,3,1,16,4,66.0,34.0,1.41,0.38,0,0,5,5,0,0,0,0,0.088,0.095,0.7,4813535,23/24,47,True,fotmob_api
Wolverhampton Wanderers,Brentford,2025-12-20 15:00:00+00:00,6.45,7.62,2,4,9,7,43.0,57.0,1.27,1.28,0,0,4,1,0,0,0,0,0.141,0.183,-1.17,4813544,24/25,47,True,fotmob_api
Tottenham Hotspur,Liverpool,2025-12-20 17:30:00+00:00,6.25,7.33,2,2,15,8,35.0,65.0,1.07,0.66,2,0,4,5,0,0,0,0,0.071,0.083,-1.08,4813543,24/25,47,True,fotmob_api
Tottenham Hotspur,Liverpool,2025-12-20 17:30:00+00:00,6.25,7.33,2,2,15,8,35.0,65.0,1.07,0.66,2,0,4,5,0,0,0,0,0.071,0.083,-1.08,4813543,23/24,47,True,fotmob_api
Leeds United,Crystal Palace,2025-12-20 20:00:00+00:00,7.54,6.22,4,2,20,9,53.0,47.0,2.67,1.57,0,0,5,5,0,0,0,1,0.134,0.174,1.32,4813540,23/24,47,True,fotmob_api
Everton,Arsenal,2025-12-20 20:00:00+00:00,6.88,7.54,0,3,5,13,35.0,65.0,0.2,2.0,0,0,3,3,0,0,0,1,0.04,0.154,-0.66,4813538,23/24,47,True,fotmob_api
Everton,Arsenal,2025-12-20 20:00:00+00:00,6.88,7.54,0,3,5,13,35.0,65.0,0.2,2.0,0,0,3,3,0,0,0,1,0.04,0.154,-0.66,4813538,24/25,47,True,fotmob_api
Leeds United,Crystal Palace,2025-12-20 20:00:00+00:00,7.54,6.22,4,2,20,9,53.0,47.0,2.67,1.57,0,0,5,5,0,0,0,1,0.134,0.174,1.32,4813540,24/25,47,True,fotmob_api
